claim_id,claim_number,policy_id,customer_id,claim_status,incident_date,submitted_at,claim_amount,approved_amount,currency_code,description,updated_at,broker_id,claim_type_id,claim_type_code,incident_region_code,coverage_code,vehicle_code,outcome_severity,high_risk_claim
fclm_900001,FILE-CLM-900001,pol_6001,cus_4001,SUBMITTED,2026-08-20,2026-09-01T09:00:00Z,16008.27,,AUD,Synthetic home claim 1,2026-09-01T10:00:00Z,brk_2001,cty_3002,HO-THE-02,REG-001,COV-HO-002,,STANDARD,0
fclm_900002,FILE-CLM-900002,pol_6002,cus_4002,UNDER_REVIEW,2026-08-21,2026-09-02T10:01:00Z,51648.95,,AUD,Synthetic auto claim 2,2026-09-02T11:01:00Z,brk_2002,cty_3005,AU-COL-05,REG-008,COV-AU-005,VEH-00038,HIGH,1
fclm_900003,FILE-CLM-900003,pol_6003,cus_4003,APPROVED,2026-08-22,2026-09-03T11:02:00Z,7745.22,3365.13,AUD,Synthetic home claim 3,2026-09-03T12:02:00Z,brk_2003,cty_3010,HO-THE-10,REG-015,COV-HO-010,,STANDARD,0
fclm_900004,FILE-CLM-900004,pol_6001,cus_4001,REJECTED,2026-08-23,2026-09-04T12:03:00Z,7902.94,3991.83,AUD,Synthetic home claim 4,2026-09-04T13:03:00Z,brk_2001,cty_3002,HO-THE-02,REG-022,COV-HO-002,,STANDARD,0
fclm_900005,FILE-CLM-900005,pol_6002,cus_4002,PAID,2026-08-24,2026-09-05T13:04:00Z,10230.14,8373.04,AUD,Synthetic auto claim 5,2026-09-05T14:04:00Z,brk_2002,cty_3005,AU-COL-05,REG-029,COV-AU-005,VEH-00038,STANDARD,0
fclm_900006,FILE-CLM-900006,pol_6003,cus_4003,CLOSED,2026-08-25,2026-09-06T14:05:00Z,51774.10,32363.88,AUD,Synthetic home claim 6,2026-09-06T15:05:00Z,brk_2003,cty_3010,HO-THE-10,REG-036,COV-HO-010,,HIGH,1
fclm_900007,FILE-CLM-900007,pol_6001,cus_4001,SUBMITTED,2026-08-26,2026-09-07T15:06:00Z,25278.97,,AUD,Synthetic home claim 7,2026-09-07T16:06:00Z,brk_2001,cty_3002,HO-THE-02,REG-003,COV-HO-002,,STANDARD,0
fclm_900008,FILE-CLM-900008,pol_6002,cus_4002,UNDER_REVIEW,2026-08-27,2026-09-08T16:07:00Z,23142.83,,AUD,Synthetic auto claim 8,2026-09-08T17:07:00Z,brk_2002,cty_3005,AU-COL-05,REG-010,COV-AU-005,VEH-00038,STANDARD,0
fclm_900009,FILE-CLM-900009,pol_6003,cus_4003,APPROVED,2026-08-28,2026-09-01T09:08:00Z,2868.93,1687.47,AUD,Synthetic home claim 9,2026-09-01T10:08:00Z,brk_2003,cty_3010,HO-THE-10,REG-017,COV-HO-010,,STANDARD,0
fclm_900010,FILE-CLM-900010,pol_6001,cus_4001,REJECTED,2026-08-29,2026-09-02T10:09:00Z,38498.91,27988.04,AUD,Synthetic home claim 10,2026-09-02T11:09:00Z,brk_2001,cty_3002,HO-THE-02,REG-024,COV-HO-002,,STANDARD,0
fclm_900011,FILE-CLM-900011,pol_6002,cus_4002,PAID,2026-08-20,2026-09-03T11:10:00Z,12943.48,11594.55,AUD,Synthetic auto claim 11,2026-09-03T12:10:00Z,brk_2002,cty_3005,AU-COL-05,REG-031,COV-AU-005,VEH-00038,HIGH,1
fclm_900012,FILE-CLM-900012,pol_6003,cus_4003,CLOSED,2026-08-21,2026-09-04T12:11:00Z,34493.17,12270.07,AUD,Synthetic home claim 12,2026-09-04T13:11:00Z,brk_2003,cty_3010,HO-THE-10,REG-038,COV-HO-010,,STANDARD,0
fclm_900013,FILE-CLM-900013,pol_6001,cus_4001,SUBMITTED,2026-08-22,2026-09-05T13:12:00Z,10558.51,,AUD,Synthetic home claim 13,2026-09-05T14:12:00Z,brk_2001,cty_3002,HO-THE-02,REG-005,COV-HO-002,,STANDARD,0
fclm_900014,FILE-CLM-900014,pol_6002,cus_4002,UNDER_REVIEW,2026-08-23,2026-09-06T14:13:00Z,16585.43,,AUD,Synthetic auto claim 14,2026-09-06T15:13:00Z,brk_2002,cty_3005,AU-COL-05,REG-012,COV-AU-005,VEH-00038,STANDARD,0
fclm_900015,FILE-CLM-900015,pol_6003,cus_4003,APPROVED,2026-08-24,2026-09-07T15:14:00Z,6417.75,3719.67,AUD,Synthetic home claim 15,2026-09-07T16:14:00Z,brk_2003,cty_3010,HO-THE-10,REG-019,COV-HO-010,,STANDARD,0
fclm_900016,FILE-CLM-900016,pol_6001,cus_4001,REJECTED,2026-08-25,2026-09-08T16:15:00Z,5954.36,3635.51,AUD,Synthetic home claim 16,2026-09-08T17:15:00Z,brk_2001,cty_3002,HO-THE-02,REG-026,COV-HO-002,,STANDARD,0
fclm_900017,FILE-CLM-900017,pol_6002,cus_4002,PAID,2026-08-26,2026-09-01T09:16:00Z,30108.80,27453.39,AUD,Synthetic auto claim 17,2026-09-01T10:16:00Z,brk_2002,cty_3005,AU-COL-05,REG-033,COV-AU-005,VEH-00038,HIGH,1
fclm_900018,FILE-CLM-900018,pol_6003,cus_4003,CLOSED,2026-08-27,2026-09-02T10:17:00Z,6246.01,5933.56,AUD,Synthetic home claim 18,2026-09-02T11:17:00Z,brk_2003,cty_3010,HO-THE-10,REG-040,COV-HO-010,,STANDARD,0
fclm_900019,FILE-CLM-900019,pol_6001,cus_4001,SUBMITTED,2026-08-28,2026-09-03T11:18:00Z,2131.21,,AUD,Synthetic home claim 19,2026-09-03T12:18:00Z,brk_2001,cty_3002,HO-THE-02,REG-007,COV-HO-002,,STANDARD,0
fclm_900020,FILE-CLM-900020,pol_6002,cus_4002,UNDER_REVIEW,2026-08-29,2026-09-04T12:19:00Z,18525.20,,AUD,Synthetic auto claim 20,2026-09-04T13:19:00Z,brk_2002,cty_3005,AU-COL-05,REG-014,COV-AU-005,VEH-00038,STANDARD,0
fclm_900021,FILE-CLM-900021,pol_6003,cus_4003,APPROVED,2026-08-20,2026-09-05T13:20:00Z,3884.21,2225.11,AUD,Synthetic home claim 21,2026-09-05T14:20:00Z,brk_2003,cty_3010,HO-THE-10,REG-021,COV-HO-010,,STANDARD,0
fclm_900022,FILE-CLM-900022,pol_6001,cus_4001,REJECTED,2026-08-21,2026-09-06T14:21:00Z,4671.28,3790.25,AUD,Synthetic home claim 22,2026-09-06T15:21:00Z,brk_2001,cty_3002,HO-THE-02,REG-028,COV-HO-002,,STANDARD,0
fclm_900023,FILE-CLM-900023,pol_6002,cus_4002,PAID,2026-08-22,2026-09-07T15:22:00Z,3589.96,3008.00,AUD,Synthetic auto claim 23,2026-09-07T16:22:00Z,brk_2002,cty_3005,AU-COL-05,REG-035,COV-AU-005,VEH-00038,STANDARD,0
fclm_900024,FILE-CLM-900024,pol_6003,cus_4003,CLOSED,2026-08-23,2026-09-08T16:23:00Z,29599.75,11204.97,AUD,Synthetic home claim 24,2026-09-08T17:23:00Z,brk_2003,cty_3010,HO-THE-10,REG-002,COV-HO-010,,HIGH,1
fclm_900025,FILE-CLM-900025,pol_6001,cus_4001,SUBMITTED,2026-08-24,2026-09-01T09:24:00Z,36854.46,,AUD,Synthetic home claim 25,2026-09-01T10:24:00Z,brk_2001,cty_3002,HO-THE-02,REG-009,COV-HO-002,,STANDARD,0
fclm_900026,FILE-CLM-900026,pol_6002,cus_4002,UNDER_REVIEW,2026-08-25,2026-09-02T10:25:00Z,9693.28,,AUD,Synthetic auto claim 26,2026-09-02T11:25:00Z,brk_2002,cty_3005,AU-COL-05,REG-016,COV-AU-005,VEH-00038,STANDARD,0
fclm_900027,FILE-CLM-900027,pol_6003,cus_4003,APPROVED,2026-08-26,2026-09-03T11:26:00Z,44162.55,21822.76,AUD,Synthetic home claim 27,2026-09-03T12:26:00Z,brk_2003,cty_3010,HO-THE-10,REG-023,COV-HO-010,,HIGH,1
fclm_900028,FILE-CLM-900028,pol_6001,cus_4001,REJECTED,2026-08-27,2026-09-04T12:27:00Z,32060.98,24845.28,AUD,Synthetic home claim 28,2026-09-04T13:27:00Z,brk_2001,cty_3002,HO-THE-02,REG-030,COV-HO-002,,STANDARD,0
fclm_900029,FILE-CLM-900029,pol_6002,cus_4002,PAID,2026-08-28,2026-09-05T13:28:00Z,53075.09,21405.71,AUD,Synthetic auto claim 29,2026-09-05T14:28:00Z,brk_2002,cty_3005,AU-COL-05,REG-037,COV-AU-005,VEH-00038,HIGH,1
fclm_900030,FILE-CLM-900030,pol_6003,cus_4003,CLOSED,2026-08-29,2026-09-06T14:29:00Z,24077.22,14734.47,AUD,Synthetic home claim 30,2026-09-06T15:29:00Z,brk_2003,cty_3010,HO-THE-10,REG-004,COV-HO-010,,STANDARD,0
fclm_900031,FILE-CLM-900031,pol_6001,cus_4001,SUBMITTED,2026-08-20,2026-09-07T15:30:00Z,20119.72,,AUD,Synthetic home claim 31,2026-09-07T16:30:00Z,brk_2001,cty_3002,HO-THE-02,REG-011,COV-HO-002,,HIGH,1
fclm_900032,FILE-CLM-900032,pol_6002,cus_4002,UNDER_REVIEW,2026-08-21,2026-09-08T16:31:00Z,4389.14,,AUD,Synthetic auto claim 32,2026-09-08T17:31:00Z,brk_2002,cty_3005,AU-COL-05,REG-018,COV-AU-005,VEH-00038,STANDARD,0
fclm_900033,FILE-CLM-900033,pol_6003,cus_4003,APPROVED,2026-08-22,2026-09-01T09:32:00Z,28961.80,13000.03,AUD,Synthetic home claim 33,2026-09-01T10:32:00Z,brk_2003,cty_3010,HO-THE-10,REG-025,COV-HO-010,,HIGH,1
fclm_900034,FILE-CLM-900034,pol_6001,cus_4001,REJECTED,2026-08-23,2026-09-02T10:33:00Z,14625.48,5560.02,AUD,Synthetic home claim 34,2026-09-02T11:33:00Z,brk_2001,cty_3002,HO-THE-02,REG-032,COV-HO-002,,HIGH,1
fclm_900035,FILE-CLM-900035,pol_6002,cus_4002,PAID,2026-08-24,2026-09-03T11:34:00Z,47294.99,36977.48,AUD,Synthetic auto claim 35,2026-09-03T12:34:00Z,brk_2002,cty_3005,AU-COL-05,REG-039,COV-AU-005,VEH-00038,HIGH,1
fclm_900036,FILE-CLM-900036,pol_6003,cus_4003,CLOSED,2026-08-25,2026-09-04T12:35:00Z,8208.65,3650.73,AUD,Synthetic home claim 36,2026-09-04T13:35:00Z,brk_2003,cty_3010,HO-THE-10,REG-006,COV-HO-010,,HIGH,1
fclm_900037,FILE-CLM-900037,pol_6001,cus_4001,SUBMITTED,2026-08-26,2026-09-05T13:36:00Z,51654.68,,AUD,Synthetic home claim 37,2026-09-05T14:36:00Z,brk_2001,cty_3002,HO-THE-02,REG-013,COV-HO-002,,HIGH,1
fclm_900038,FILE-CLM-900038,pol_6002,cus_4002,UNDER_REVIEW,2026-08-27,2026-09-06T14:37:00Z,30957.05,,AUD,Synthetic auto claim 38,2026-09-06T15:37:00Z,brk_2002,cty_3005,AU-COL-05,REG-020,COV-AU-005,VEH-00038,STANDARD,0
fclm_900039,FILE-CLM-900039,pol_6003,cus_4003,APPROVED,2026-08-28,2026-09-07T15:38:00Z,25663.23,11743.56,AUD,Synthetic home claim 39,2026-09-07T16:38:00Z,brk_2003,cty_3010,HO-THE-10,REG-027,COV-HO-010,,STANDARD,0
fclm_900040,FILE-CLM-900040,pol_6001,cus_4001,REJECTED,2026-08-29,2026-09-08T16:39:00Z,18244.93,11127.05,AUD,Synthetic home claim 40,2026-09-08T17:39:00Z,brk_2001,cty_3002,HO-THE-02,REG-034,COV-HO-002,,STANDARD,0
fclm_900041,FILE-CLM-900041,pol_6002,cus_4002,PAID,2026-08-20,2026-09-01T09:40:00Z,32812.58,30062.82,AUD,Synthetic auto claim 41,2026-09-01T10:40:00Z,brk_2002,cty_3005,AU-COL-05,REG-001,COV-AU-005,VEH-00038,HIGH,1
fclm_900042,FILE-CLM-900042,pol_6003,cus_4003,CLOSED,2026-08-21,2026-09-02T10:41:00Z,37066.87,34865.36,AUD,Synthetic home claim 42,2026-09-02T11:41:00Z,brk_2003,cty_3010,HO-THE-10,REG-008,COV-HO-010,,HIGH,1
fclm_900043,FILE-CLM-900043,pol_6001,cus_4001,SUBMITTED,2026-08-22,2026-09-03T11:42:00Z,18180.84,,AUD,Synthetic home claim 43,2026-09-03T12:42:00Z,brk_2001,cty_3002,HO-THE-02,REG-015,COV-HO-002,,STANDARD,0
fclm_900044,FILE-CLM-900044,pol_6002,cus_4002,UNDER_REVIEW,2026-08-23,2026-09-04T12:43:00Z,11640.20,,AUD,Synthetic auto claim 44,2026-09-04T13:43:00Z,brk_2002,cty_3005,AU-COL-05,REG-022,COV-AU-005,VEH-00038,STANDARD,0
fclm_900045,FILE-CLM-900045,pol_6003,cus_4003,APPROVED,2026-08-24,2026-09-05T13:44:00Z,6197.71,5126.00,AUD,Synthetic home claim 45,2026-09-05T14:44:00Z,brk_2003,cty_3010,HO-THE-10,REG-029,COV-HO-010,,STANDARD,0
fclm_900046,FILE-CLM-900046,pol_6001,cus_4001,REJECTED,2026-08-25,2026-09-06T14:45:00Z,5831.70,4181.83,AUD,Synthetic home claim 46,2026-09-06T15:45:00Z,brk_2001,cty_3002,HO-THE-02,REG-036,COV-HO-002,,STANDARD,0
fclm_900047,FILE-CLM-900047,pol_6002,cus_4002,PAID,2026-08-26,2026-09-07T15:46:00Z,5319.98,3835.63,AUD,Synthetic auto claim 47,2026-09-07T16:46:00Z,brk_2002,cty_3005,AU-COL-05,REG-003,COV-AU-005,VEH-00038,STANDARD,0
fclm_900048,FILE-CLM-900048,pol_6003,cus_4003,CLOSED,2026-08-27,2026-09-08T16:47:00Z,31421.08,17955.03,AUD,Synthetic home claim 48,2026-09-08T17:47:00Z,brk_2003,cty_3010,HO-THE-10,REG-010,COV-HO-010,,HIGH,1
fclm_900049,FILE-CLM-900049,pol_6001,cus_4001,SUBMITTED,2026-08-28,2026-09-01T09:48:00Z,42228.48,,AUD,Synthetic home claim 49,2026-09-01T10:48:00Z,brk_2001,cty_3002,HO-THE-02,REG-017,COV-HO-002,,STANDARD,0
fclm_900050,FILE-CLM-900050,pol_6002,cus_4002,UNDER_REVIEW,2026-08-29,2026-09-02T10:49:00Z,4071.82,,AUD,Synthetic auto claim 50,2026-09-02T11:49:00Z,brk_2002,cty_3005,AU-COL-05,REG-024,COV-AU-005,VEH-00038,STANDARD,0
fclm_900051,FILE-CLM-900051,pol_6003,cus_4003,APPROVED,2026-08-20,2026-09-03T11:50:00Z,53825.32,50987.30,AUD,Synthetic home claim 51,2026-09-03T12:50:00Z,brk_2003,cty_3010,HO-THE-10,REG-031,COV-HO-010,,HIGH,1
fclm_900052,FILE-CLM-900052,pol_6001,cus_4001,REJECTED,2026-08-21,2026-09-04T12:51:00Z,18315.51,10774.90,AUD,Synthetic home claim 52,2026-09-04T13:51:00Z,brk_2001,cty_3002,HO-THE-02,REG-038,COV-HO-002,,STANDARD,0
fclm_900053,FILE-CLM-900053,pol_6002,cus_4002,PAID,2026-08-22,2026-09-05T13:52:00Z,6155.00,4492.87,AUD,Synthetic auto claim 53,2026-09-05T14:52:00Z,brk_2002,cty_3005,AU-COL-05,REG-005,COV-AU-005,VEH-00038,STANDARD,0
fclm_900054,FILE-CLM-900054,pol_6003,cus_4003,CLOSED,2026-08-23,2026-09-06T14:53:00Z,2782.64,1777.24,AUD,Synthetic home claim 54,2026-09-06T15:53:00Z,brk_2003,cty_3010,HO-THE-10,REG-012,COV-HO-010,,STANDARD,0
fclm_900055,FILE-CLM-900055,pol_6001,cus_4001,SUBMITTED,2026-08-24,2026-09-07T15:54:00Z,23462.33,,AUD,Synthetic home claim 55,2026-09-07T16:54:00Z,brk_2001,cty_3002,HO-THE-02,REG-019,COV-HO-002,,HIGH,1
fclm_900056,FILE-CLM-900056,pol_6002,cus_4002,UNDER_REVIEW,2026-08-25,2026-09-08T16:55:00Z,13511.27,,AUD,Synthetic auto claim 56,2026-09-08T17:55:00Z,brk_2002,cty_3005,AU-COL-05,REG-026,COV-AU-005,VEH-00038,STANDARD,0
fclm_900057,FILE-CLM-900057,pol_6003,cus_4003,APPROVED,2026-08-26,2026-09-01T09:56:00Z,8926.67,3820.43,AUD,Synthetic home claim 57,2026-09-01T10:56:00Z,brk_2003,cty_3010,HO-THE-10,REG-033,COV-HO-010,,STANDARD,0
fclm_900058,FILE-CLM-900058,pol_6001,cus_4001,REJECTED,2026-08-27,2026-09-02T10:57:00Z,21167.57,8935.65,AUD,Synthetic home claim 58,2026-09-02T11:57:00Z,brk_2001,cty_3002,HO-THE-02,REG-040,COV-HO-002,,STANDARD,0
fclm_900059,FILE-CLM-900059,pol_6002,cus_4002,PAID,2026-08-28,2026-09-03T11:58:00Z,15225.16,11473.84,AUD,Synthetic auto claim 59,2026-09-03T12:58:00Z,brk_2002,cty_3005,AU-COL-05,REG-007,COV-AU-005,VEH-00038,STANDARD,0
fclm_900060,FILE-CLM-900060,pol_6003,cus_4003,CLOSED,2026-08-29,2026-09-04T12:59:00Z,23359.13,11544.60,AUD,Synthetic home claim 60,2026-09-04T13:59:00Z,brk_2003,cty_3010,HO-THE-10,REG-014,COV-HO-010,,STANDARD,0
fclm_900061,FILE-CLM-900061,pol_6001,cus_4001,SUBMITTED,2026-08-20,2026-09-05T13:00:00Z,4025.81,,AUD,Synthetic home claim 61,2026-09-05T14:00:00Z,brk_2001,cty_3002,HO-THE-02,REG-021,COV-HO-002,,STANDARD,0
fclm_900062,FILE-CLM-900062,pol_6002,cus_4002,UNDER_REVIEW,2026-08-21,2026-09-06T14:01:00Z,11249.73,,AUD,Synthetic auto claim 62,2026-09-06T15:01:00Z,brk_2002,cty_3005,AU-COL-05,REG-028,COV-AU-005,VEH-00038,STANDARD,0
fclm_900063,FILE-CLM-900063,pol_6003,cus_4003,APPROVED,2026-08-22,2026-09-07T15:02:00Z,29163.71,23555.07,AUD,Synthetic home claim 63,2026-09-07T16:02:00Z,brk_2003,cty_3010,HO-THE-10,REG-035,COV-HO-010,,HIGH,1
fclm_900064,FILE-CLM-900064,pol_6001,cus_4001,REJECTED,2026-08-23,2026-09-08T16:03:00Z,4644.22,1911.77,AUD,Synthetic home claim 64,2026-09-08T17:03:00Z,brk_2001,cty_3002,HO-THE-02,REG-002,COV-HO-002,,HIGH,1
fclm_900065,FILE-CLM-900065,pol_6002,cus_4002,PAID,2026-08-24,2026-09-01T09:04:00Z,9753.00,4292.54,AUD,Synthetic auto claim 65,2026-09-01T10:04:00Z,brk_2002,cty_3005,AU-COL-05,REG-009,COV-AU-005,VEH-00038,STANDARD,0
fclm_900066,FILE-CLM-900066,pol_6003,cus_4003,CLOSED,2026-08-25,2026-09-02T10:05:00Z,3922.80,3827.22,AUD,Synthetic home claim 66,2026-09-02T11:05:00Z,brk_2003,cty_3010,HO-THE-10,REG-016,COV-HO-010,,STANDARD,0
fclm_900067,FILE-CLM-900067,pol_6001,cus_4001,SUBMITTED,2026-08-26,2026-09-03T11:06:00Z,36994.10,,AUD,Synthetic home claim 67,2026-09-03T12:06:00Z,brk_2001,cty_3002,HO-THE-02,REG-023,COV-HO-002,,STANDARD,0
fclm_900068,FILE-CLM-900068,pol_6002,cus_4002,UNDER_REVIEW,2026-08-27,2026-09-04T12:07:00Z,46129.60,,AUD,Synthetic auto claim 68,2026-09-04T13:07:00Z,brk_2002,cty_3005,AU-COL-05,REG-030,COV-AU-005,VEH-00038,STANDARD,0
fclm_900069,FILE-CLM-900069,pol_6003,cus_4003,APPROVED,2026-08-28,2026-09-05T13:08:00Z,5947.87,4344.23,AUD,Synthetic home claim 69,2026-09-05T14:08:00Z,brk_2003,cty_3010,HO-THE-10,REG-037,COV-HO-010,,STANDARD,0
fclm_900070,FILE-CLM-900070,pol_6001,cus_4001,REJECTED,2026-08-29,2026-09-06T14:09:00Z,34984.15,23009.78,AUD,Synthetic home claim 70,2026-09-06T15:09:00Z,brk_2001,cty_3002,HO-THE-02,REG-004,COV-HO-002,,STANDARD,0
fclm_900071,FILE-CLM-900071,pol_6002,cus_4002,PAID,2026-08-20,2026-09-07T15:10:00Z,35050.30,17210.32,AUD,Synthetic auto claim 71,2026-09-07T16:10:00Z,brk_2002,cty_3005,AU-COL-05,REG-011,COV-AU-005,VEH-00038,HIGH,1
fclm_900072,FILE-CLM-900072,pol_6003,cus_4003,CLOSED,2026-08-21,2026-09-08T16:11:00Z,4459.25,2609.16,AUD,Synthetic home claim 72,2026-09-08T17:11:00Z,brk_2003,cty_3010,HO-THE-10,REG-018,COV-HO-010,,STANDARD,0
fclm_900073,FILE-CLM-900073,pol_6001,cus_4001,SUBMITTED,2026-08-22,2026-09-01T09:12:00Z,8769.51,,AUD,Synthetic home claim 73,2026-09-01T10:12:00Z,brk_2001,cty_3002,HO-THE-02,REG-025,COV-HO-002,,STANDARD,0
fclm_900074,FILE-CLM-900074,pol_6002,cus_4002,UNDER_REVIEW,2026-08-23,2026-09-02T10:13:00Z,32863.63,,AUD,Synthetic auto claim 74,2026-09-02T11:13:00Z,brk_2002,cty_3005,AU-COL-05,REG-032,COV-AU-005,VEH-00038,HIGH,1
fclm_900075,FILE-CLM-900075,pol_6003,cus_4003,APPROVED,2026-08-24,2026-09-03T11:14:00Z,39220.40,25902.50,AUD,Synthetic home claim 75,2026-09-03T12:14:00Z,brk_2003,cty_3010,HO-THE-10,REG-039,COV-HO-010,,STANDARD,0
fclm_900076,FILE-CLM-900076,pol_6001,cus_4001,REJECTED,2026-08-25,2026-09-04T12:15:00Z,18226.04,10134.19,AUD,Synthetic home claim 76,2026-09-04T13:15:00Z,brk_2001,cty_3002,HO-THE-02,REG-006,COV-HO-002,,HIGH,1
fclm_900077,FILE-CLM-900077,pol_6002,cus_4002,PAID,2026-08-26,2026-09-05T13:16:00Z,22198.59,10425.81,AUD,Synthetic auto claim 77,2026-09-05T14:16:00Z,brk_2002,cty_3005,AU-COL-05,REG-013,COV-AU-005,VEH-00038,STANDARD,0
fclm_900078,FILE-CLM-900078,pol_6003,cus_4003,CLOSED,2026-08-27,2026-09-06T14:17:00Z,33496.34,31722.33,AUD,Synthetic home claim 78,2026-09-06T15:17:00Z,brk_2003,cty_3010,HO-THE-10,REG-020,COV-HO-010,,HIGH,1
fclm_900079,FILE-CLM-900079,pol_6001,cus_4001,SUBMITTED,2026-08-28,2026-09-07T15:18:00Z,7412.07,,AUD,Synthetic home claim 79,2026-09-07T16:18:00Z,brk_2001,cty_3002,HO-THE-02,REG-027,COV-HO-002,,STANDARD,0
fclm_900080,FILE-CLM-900080,pol_6002,cus_4002,UNDER_REVIEW,2026-08-29,2026-09-08T16:19:00Z,17509.29,,AUD,Synthetic auto claim 80,2026-09-08T17:19:00Z,brk_2002,cty_3005,AU-COL-05,REG-034,COV-AU-005,VEH-00038,STANDARD,0
fclm_900081,FILE-CLM-900081,pol_6003,cus_4003,APPROVED,2026-08-20,2026-09-01T09:20:00Z,57120.81,54035.00,AUD,Synthetic home claim 81,2026-09-01T10:20:00Z,brk_2003,cty_3010,HO-THE-10,REG-001,COV-HO-010,,HIGH,1
fclm_900082,FILE-CLM-900082,pol_6001,cus_4001,REJECTED,2026-08-21,2026-09-02T10:21:00Z,23280.52,13008.47,AUD,Synthetic home claim 82,2026-09-02T11:21:00Z,brk_2001,cty_3002,HO-THE-02,REG-008,COV-HO-002,,STANDARD,0
fclm_900083,FILE-CLM-900083,pol_6002,cus_4002,PAID,2026-08-22,2026-09-03T11:22:00Z,33150.82,30714.39,AUD,Synthetic auto claim 83,2026-09-03T12:22:00Z,brk_2002,cty_3005,AU-COL-05,REG-015,COV-AU-005,VEH-00038,HIGH,1
fclm_900084,FILE-CLM-900084,pol_6003,cus_4003,CLOSED,2026-08-23,2026-09-04T12:23:00Z,8801.24,8160.02,AUD,Synthetic home claim 84,2026-09-04T13:23:00Z,brk_2003,cty_3010,HO-THE-10,REG-022,COV-HO-010,,STANDARD,0
fclm_900085,FILE-CLM-900085,pol_6001,cus_4001,SUBMITTED,2026-08-24,2026-09-05T13:24:00Z,21731.84,,AUD,Synthetic home claim 85,2026-09-05T14:24:00Z,brk_2001,cty_3002,HO-THE-02,REG-029,COV-HO-002,,STANDARD,0
fclm_900086,FILE-CLM-900086,pol_6002,cus_4002,UNDER_REVIEW,2026-08-25,2026-09-06T14:25:00Z,24255.61,,AUD,Synthetic auto claim 86,2026-09-06T15:25:00Z,brk_2002,cty_3005,AU-COL-05,REG-036,COV-AU-005,VEH-00038,HIGH,1
fclm_900087,FILE-CLM-900087,pol_6003,cus_4003,APPROVED,2026-08-26,2026-09-07T15:26:00Z,13525.15,9298.46,AUD,Synthetic home claim 87,2026-09-07T16:26:00Z,brk_2003,cty_3010,HO-THE-10,REG-003,COV-HO-010,,STANDARD,0
fclm_900088,FILE-CLM-900088,pol_6001,cus_4001,REJECTED,2026-08-27,2026-09-08T16:27:00Z,38455.82,29012.10,AUD,Synthetic home claim 88,2026-09-08T17:27:00Z,brk_2001,cty_3002,HO-THE-02,REG-010,COV-HO-002,,HIGH,1
fclm_900089,FILE-CLM-900089,pol_6002,cus_4002,PAID,2026-08-28,2026-09-01T09:28:00Z,39703.81,15803.78,AUD,Synthetic auto claim 89,2026-09-01T10:28:00Z,brk_2002,cty_3005,AU-COL-05,REG-017,COV-AU-005,VEH-00038,STANDARD,0
fclm_900090,FILE-CLM-900090,pol_6003,cus_4003,CLOSED,2026-08-29,2026-09-02T10:29:00Z,7527.48,5111.17,AUD,Synthetic home claim 90,2026-09-02T11:29:00Z,brk_2003,cty_3010,HO-THE-10,REG-024,COV-HO-010,,STANDARD,0
fclm_900091,FILE-CLM-900091,pol_6001,cus_4001,SUBMITTED,2026-08-20,2026-09-03T11:30:00Z,28744.98,,AUD,Synthetic home claim 91,2026-09-03T12:30:00Z,brk_2001,cty_3002,HO-THE-02,REG-031,COV-HO-002,,HIGH,1
fclm_900092,FILE-CLM-900092,pol_6002,cus_4002,UNDER_REVIEW,2026-08-21,2026-09-04T12:31:00Z,4577.64,,AUD,Synthetic auto claim 92,2026-09-04T13:31:00Z,brk_2002,cty_3005,AU-COL-05,REG-038,COV-AU-005,VEH-00038,STANDARD,0
fclm_900093,FILE-CLM-900093,pol_6003,cus_4003,APPROVED,2026-08-22,2026-09-05T13:32:00Z,26557.66,12602.37,AUD,Synthetic home claim 93,2026-09-05T14:32:00Z,brk_2003,cty_3010,HO-THE-10,REG-005,COV-HO-010,,STANDARD,0
fclm_900094,FILE-CLM-900094,pol_6001,cus_4001,REJECTED,2026-08-23,2026-09-06T14:33:00Z,3419.49,2835.61,AUD,Synthetic home claim 94,2026-09-06T15:33:00Z,brk_2001,cty_3002,HO-THE-02,REG-012,COV-HO-002,,STANDARD,0
fclm_900095,FILE-CLM-900095,pol_6002,cus_4002,PAID,2026-08-24,2026-09-07T15:34:00Z,40742.78,36362.89,AUD,Synthetic auto claim 95,2026-09-07T16:34:00Z,brk_2002,cty_3005,AU-COL-05,REG-019,COV-AU-005,VEH-00038,STANDARD,0
fclm_900096,FILE-CLM-900096,pol_6003,cus_4003,CLOSED,2026-08-25,2026-09-08T16:35:00Z,8344.71,4693.90,AUD,Synthetic home claim 96,2026-09-08T17:35:00Z,brk_2003,cty_3010,HO-THE-10,REG-026,COV-HO-010,,STANDARD,0
fclm_900097,FILE-CLM-900097,pol_6001,cus_4001,SUBMITTED,2026-08-26,2026-09-01T09:36:00Z,10086.21,,AUD,Synthetic home claim 97,2026-09-01T10:36:00Z,brk_2001,cty_3002,HO-THE-02,REG-033,COV-HO-002,,HIGH,1
fclm_900098,FILE-CLM-900098,pol_6002,cus_4002,UNDER_REVIEW,2026-08-27,2026-09-02T10:37:00Z,11415.80,,AUD,Synthetic auto claim 98,2026-09-02T11:37:00Z,brk_2002,cty_3005,AU-COL-05,REG-040,COV-AU-005,VEH-00038,STANDARD,0
fclm_900099,FILE-CLM-900099,pol_6003,cus_4003,APPROVED,2026-08-28,2026-09-03T11:38:00Z,17984.88,7726.07,AUD,Synthetic home claim 99,2026-09-03T12:38:00Z,brk_2003,cty_3010,HO-THE-10,REG-007,COV-HO-010,,STANDARD,0
fclm_900100,FILE-CLM-900100,pol_6001,cus_4001,REJECTED,2026-08-29,2026-09-04T12:39:00Z,22650.11,12731.14,AUD,Synthetic home claim 100,2026-09-04T13:39:00Z,brk_2001,cty_3002,HO-THE-02,REG-014,COV-HO-002,,STANDARD,0
fclm_900101,FILE-CLM-900101,pol_6002,cus_4002,PAID,2026-08-20,2026-09-05T13:40:00Z,36158.28,23895.45,AUD,Synthetic auto claim 101,2026-09-05T14:40:00Z,brk_2002,cty_3005,AU-COL-05,REG-021,COV-AU-005,VEH-00038,STANDARD,0
fclm_900102,FILE-CLM-900102,pol_6003,cus_4003,CLOSED,2026-08-21,2026-09-06T14:41:00Z,50123.45,42423.12,AUD,Synthetic home claim 102,2026-09-06T15:41:00Z,brk_2003,cty_3010,HO-THE-10,REG-028,COV-HO-010,,HIGH,1
fclm_900103,FILE-CLM-900103,pol_6001,cus_4001,SUBMITTED,2026-08-22,2026-09-07T15:42:00Z,14343.17,,AUD,Synthetic home claim 103,2026-09-07T16:42:00Z,brk_2001,cty_3002,HO-THE-02,REG-035,COV-HO-002,,HIGH,1
fclm_900104,FILE-CLM-900104,pol_6002,cus_4002,UNDER_REVIEW,2026-08-23,2026-09-08T16:43:00Z,41914.55,,AUD,Synthetic auto claim 104,2026-09-08T17:43:00Z,brk_2002,cty_3005,AU-COL-05,REG-002,COV-AU-005,VEH-00038,HIGH,1
fclm_900105,FILE-CLM-900105,pol_6003,cus_4003,APPROVED,2026-08-24,2026-09-01T09:44:00Z,30018.05,29028.70,AUD,Synthetic home claim 105,2026-09-01T10:44:00Z,brk_2003,cty_3010,HO-THE-10,REG-009,COV-HO-010,,STANDARD,0
fclm_900106,FILE-CLM-900106,pol_6001,cus_4001,REJECTED,2026-08-25,2026-09-02T10:45:00Z,11024.43,4261.26,AUD,Synthetic home claim 106,2026-09-02T11:45:00Z,brk_2001,cty_3002,HO-THE-02,REG-016,COV-HO-002,,STANDARD,0
fclm_900107,FILE-CLM-900107,pol_6002,cus_4002,PAID,2026-08-26,2026-09-03T11:46:00Z,43904.54,39638.21,AUD,Synthetic auto claim 107,2026-09-03T12:46:00Z,brk_2002,cty_3005,AU-COL-05,REG-023,COV-AU-005,VEH-00038,STANDARD,0
fclm_900108,FILE-CLM-900108,pol_6003,cus_4003,CLOSED,2026-08-27,2026-09-04T12:47:00Z,17510.43,6905.44,AUD,Synthetic home claim 108,2026-09-04T13:47:00Z,brk_2003,cty_3010,HO-THE-10,REG-030,COV-HO-010,,STANDARD,0
fclm_900109,FILE-CLM-900109,pol_6001,cus_4001,SUBMITTED,2026-08-28,2026-09-05T13:48:00Z,3606.69,,AUD,Synthetic home claim 109,2026-09-05T14:48:00Z,brk_2001,cty_3002,HO-THE-02,REG-037,COV-HO-002,,STANDARD,0
fclm_900110,FILE-CLM-900110,pol_6002,cus_4002,UNDER_REVIEW,2026-08-29,2026-09-06T14:49:00Z,26623.63,,AUD,Synthetic auto claim 110,2026-09-06T15:49:00Z,brk_2002,cty_3005,AU-COL-05,REG-004,COV-AU-005,VEH-00038,HIGH,1
fclm_900111,FILE-CLM-900111,pol_6003,cus_4003,APPROVED,2026-08-20,2026-09-07T15:50:00Z,9788.44,7134.72,AUD,Synthetic home claim 111,2026-09-07T16:50:00Z,brk_2003,cty_3010,HO-THE-10,REG-011,COV-HO-010,,HIGH,1
fclm_900112,FILE-CLM-900112,pol_6001,cus_4001,REJECTED,2026-08-21,2026-09-08T16:51:00Z,27040.03,16438.80,AUD,Synthetic home claim 112,2026-09-08T17:51:00Z,brk_2001,cty_3002,HO-THE-02,REG-018,COV-HO-002,,STANDARD,0
fclm_900113,FILE-CLM-900113,pol_6002,cus_4002,PAID,2026-08-22,2026-09-01T09:52:00Z,8418.35,6913.13,AUD,Synthetic auto claim 113,2026-09-01T10:52:00Z,brk_2002,cty_3005,AU-COL-05,REG-025,COV-AU-005,VEH-00038,STANDARD,0
fclm_900114,FILE-CLM-900114,pol_6003,cus_4003,CLOSED,2026-08-23,2026-09-02T10:53:00Z,17734.10,11184.05,AUD,Synthetic home claim 114,2026-09-02T11:53:00Z,brk_2003,cty_3010,HO-THE-10,REG-032,COV-HO-010,,HIGH,1
fclm_900115,FILE-CLM-900115,pol_6001,cus_4001,SUBMITTED,2026-08-24,2026-09-03T11:54:00Z,33019.16,,AUD,Synthetic home claim 115,2026-09-03T12:54:00Z,brk_2001,cty_3002,HO-THE-02,REG-039,COV-HO-002,,STANDARD,0
fclm_900116,FILE-CLM-900116,pol_6002,cus_4002,UNDER_REVIEW,2026-08-25,2026-09-04T12:55:00Z,29137.26,,AUD,Synthetic auto claim 116,2026-09-04T13:55:00Z,brk_2002,cty_3005,AU-COL-05,REG-006,COV-AU-005,VEH-00038,HIGH,1
fclm_900117,FILE-CLM-900117,pol_6003,cus_4003,APPROVED,2026-08-26,2026-09-05T13:56:00Z,19734.53,11040.23,AUD,Synthetic home claim 117,2026-09-05T14:56:00Z,brk_2003,cty_3010,HO-THE-10,REG-013,COV-HO-010,,HIGH,1
fclm_900118,FILE-CLM-900118,pol_6001,cus_4001,REJECTED,2026-08-27,2026-09-06T14:57:00Z,50727.02,24316.58,AUD,Synthetic home claim 118,2026-09-06T15:57:00Z,brk_2001,cty_3002,HO-THE-02,REG-020,COV-HO-002,,HIGH,1
fclm_900119,FILE-CLM-900119,pol_6002,cus_4002,PAID,2026-08-28,2026-09-07T15:58:00Z,37259.16,34254.70,AUD,Synthetic auto claim 119,2026-09-07T16:58:00Z,brk_2002,cty_3005,AU-COL-05,REG-027,COV-AU-005,VEH-00038,STANDARD,0
fclm_900120,FILE-CLM-900120,pol_6003,cus_4003,CLOSED,2026-08-29,2026-09-08T16:59:00Z,14377.53,10639.14,AUD,Synthetic home claim 120,2026-09-08T17:59:00Z,brk_2003,cty_3010,HO-THE-10,REG-034,COV-HO-010,,STANDARD,0
