vehicle_code,make,model,model_year,vehicle_class,vehicle_type,market_value_aud,manufacture_year,value_band,engine_size_band,repair_cost_band,safety_rating,theft_risk_score,theft_risk_band,risk_category,source_updated_at
VEH-00001,Toyota,Sedan-1,2016,SEDAN,SEDAN,120000,2016,HIGH,SMALL,LOW,3,0.564,LOW,STANDARD,2026-08-01T00:00:00Z
VEH-00002,Mazda,Hatch-2,2009,HATCH,HATCH,9000,2009,LOW,MEDIUM,MEDIUM,2,0.738,MEDIUM,ELEVATED,2026-08-01T00:00:00Z
VEH-00003,Ford,SUV-3,2012,SUV,SUV,80000,2012,HIGH,LARGE,HIGH,2,0.096,HIGH,SPECIALIST,2026-08-01T00:00:00Z
VEH-00004,Hyundai,Ute-4,2008,UTE,UTE,45000,2008,MEDIUM,ELECTRIC,LOW,5,0.358,LOW,STANDARD,2026-08-01T00:00:00Z
VEH-00005,Kia,Wagon-5,2021,WAGON,WAGON,45000,2021,MEDIUM,SMALL,MEDIUM,2,0.178,MEDIUM,ELEVATED,2026-08-01T00:00:00Z
VEH-00006,Subaru,Sedan-6,2013,SEDAN,SEDAN,42000,2013,MEDIUM,MEDIUM,HIGH,5,0.139,HIGH,SPECIALIST,2026-08-01T00:00:00Z
VEH-00007,Honda,Hatch-7,2007,HATCH,HATCH,116000,2007,HIGH,LARGE,LOW,4,0.885,LOW,STANDARD,2026-08-01T00:00:00Z
VEH-00008,Tesla,SUV-8,2026,SUV,SUV,90000,2026,HIGH,ELECTRIC,MEDIUM,4,0.776,MEDIUM,ELEVATED,2026-08-01T00:00:00Z
VEH-00009,Toyota,Ute-9,2020,UTE,UTE,72000,2020,MEDIUM,SMALL,HIGH,4,0.481,HIGH,SPECIALIST,2026-08-01T00:00:00Z
VEH-00010,Mazda,Wagon-10,2026,WAGON,WAGON,130000,2026,HIGH,MEDIUM,LOW,3,0.098,LOW,STANDARD,2026-08-01T00:00:00Z
VEH-00011,Ford,Sedan-11,2005,SEDAN,SEDAN,86000,2005,HIGH,LARGE,MEDIUM,3,0.436,MEDIUM,ELEVATED,2026-08-01T00:00:00Z
VEH-00012,Hyundai,Hatch-12,2006,HATCH,HATCH,117000,2006,HIGH,ELECTRIC,HIGH,2,0.165,HIGH,SPECIALIST,2026-08-01T00:00:00Z
VEH-00013,Kia,SUV-13,2013,SUV,SUV,114000,2013,HIGH,SMALL,LOW,5,0.151,LOW,STANDARD,2026-08-01T00:00:00Z
VEH-00014,Subaru,Ute-14,2025,UTE,UTE,22000,2025,LOW,MEDIUM,MEDIUM,4,0.523,MEDIUM,ELEVATED,2026-08-01T00:00:00Z
VEH-00015,Honda,Wagon-15,2007,WAGON,WAGON,19000,2007,LOW,LARGE,HIGH,5,0.602,HIGH,SPECIALIST,2026-08-01T00:00:00Z
VEH-00016,Tesla,Sedan-16,2007,SEDAN,SEDAN,105000,2007,HIGH,ELECTRIC,LOW,4,0.427,LOW,STANDARD,2026-08-01T00:00:00Z
VEH-00017,Toyota,Hatch-17,2014,HATCH,HATCH,65000,2014,MEDIUM,SMALL,MEDIUM,3,0.170,MEDIUM,ELEVATED,2026-08-01T00:00:00Z
VEH-00018,Mazda,SUV-1,2005,SUV,SUV,53000,2005,MEDIUM,MEDIUM,HIGH,4,0.078,HIGH,SPECIALIST,2026-08-01T00:00:00Z
VEH-00019,Ford,Ute-2,2007,UTE,UTE,116000,2007,HIGH,LARGE,LOW,5,0.469,LOW,STANDARD,2026-08-01T00:00:00Z
VEH-00020,Hyundai,Wagon-3,2024,WAGON,WAGON,30000,2024,MEDIUM,ELECTRIC,MEDIUM,3,0.468,MEDIUM,ELEVATED,2026-08-01T00:00:00Z
VEH-00021,Kia,Sedan-4,2014,SEDAN,SEDAN,123000,2014,HIGH,SMALL,HIGH,5,0.888,HIGH,SPECIALIST,2026-08-01T00:00:00Z
VEH-00022,Subaru,Hatch-5,2008,HATCH,HATCH,52000,2008,MEDIUM,MEDIUM,LOW,5,0.721,LOW,STANDARD,2026-08-01T00:00:00Z
VEH-00023,Honda,SUV-6,2024,SUV,SUV,126000,2024,HIGH,LARGE,MEDIUM,5,0.324,MEDIUM,ELEVATED,2026-08-01T00:00:00Z
VEH-00024,Tesla,Ute-7,2023,UTE,UTE,133000,2023,HIGH,ELECTRIC,HIGH,5,0.430,HIGH,SPECIALIST,2026-08-01T00:00:00Z
VEH-00025,Toyota,Wagon-8,2006,WAGON,WAGON,107000,2006,HIGH,SMALL,LOW,3,0.846,LOW,STANDARD,2026-08-01T00:00:00Z
VEH-00026,Mazda,Sedan-9,2016,SEDAN,SEDAN,130000,2016,HIGH,MEDIUM,MEDIUM,4,0.443,MEDIUM,ELEVATED,2026-08-01T00:00:00Z
VEH-00027,Ford,Hatch-10,2024,HATCH,HATCH,25000,2024,LOW,LARGE,HIGH,3,0.156,HIGH,SPECIALIST,2026-08-01T00:00:00Z
VEH-00028,Hyundai,SUV-11,2010,SUV,SUV,125000,2010,HIGH,ELECTRIC,LOW,4,0.662,LOW,STANDARD,2026-08-01T00:00:00Z
VEH-00029,Kia,Ute-12,2021,UTE,UTE,120000,2021,HIGH,SMALL,MEDIUM,3,0.550,MEDIUM,ELEVATED,2026-08-01T00:00:00Z
VEH-00030,Subaru,Wagon-13,2016,WAGON,WAGON,72000,2016,MEDIUM,MEDIUM,HIGH,5,0.560,HIGH,SPECIALIST,2026-08-01T00:00:00Z
VEH-00031,Honda,Sedan-14,2006,SEDAN,SEDAN,39000,2006,MEDIUM,LARGE,LOW,2,0.816,LOW,STANDARD,2026-08-01T00:00:00Z
VEH-00032,Tesla,Hatch-15,2013,HATCH,HATCH,65000,2013,MEDIUM,ELECTRIC,MEDIUM,2,0.159,MEDIUM,ELEVATED,2026-08-01T00:00:00Z
VEH-00033,Toyota,SUV-16,2007,SUV,SUV,30000,2007,MEDIUM,SMALL,HIGH,5,0.507,HIGH,SPECIALIST,2026-08-01T00:00:00Z
VEH-00034,Mazda,Ute-17,2024,UTE,UTE,44000,2024,MEDIUM,MEDIUM,LOW,5,0.587,LOW,STANDARD,2026-08-01T00:00:00Z
VEH-00035,Ford,Wagon-1,2018,WAGON,WAGON,124000,2018,HIGH,LARGE,MEDIUM,4,0.155,MEDIUM,ELEVATED,2026-08-01T00:00:00Z
VEH-00036,Hyundai,Sedan-2,2021,SEDAN,SEDAN,118000,2021,HIGH,ELECTRIC,HIGH,3,0.667,HIGH,SPECIALIST,2026-08-01T00:00:00Z
VEH-00037,Kia,Hatch-3,2015,HATCH,HATCH,68000,2015,MEDIUM,SMALL,LOW,4,0.729,LOW,STANDARD,2026-08-01T00:00:00Z
VEH-00038,Subaru,SUV-4,2007,SUV,SUV,8000,2007,LOW,MEDIUM,MEDIUM,5,0.449,MEDIUM,ELEVATED,2026-08-01T00:00:00Z
VEH-00039,Honda,Ute-5,2017,UTE,UTE,76000,2017,MEDIUM,LARGE,HIGH,4,0.313,HIGH,SPECIALIST,2026-08-01T00:00:00Z
VEH-00040,Tesla,Wagon-6,2014,WAGON,WAGON,140000,2014,HIGH,ELECTRIC,LOW,4,0.630,LOW,STANDARD,2026-08-01T00:00:00Z
VEH-00041,Toyota,Sedan-7,2017,SEDAN,SEDAN,69000,2017,MEDIUM,SMALL,MEDIUM,4,0.680,MEDIUM,ELEVATED,2026-08-01T00:00:00Z
VEH-00042,Mazda,Hatch-8,2024,HATCH,HATCH,110000,2024,HIGH,MEDIUM,HIGH,5,0.633,HIGH,SPECIALIST,2026-08-01T00:00:00Z
VEH-00043,Ford,SUV-9,2017,SUV,SUV,8000,2017,LOW,LARGE,LOW,3,0.839,LOW,STANDARD,2026-08-01T00:00:00Z
VEH-00044,Hyundai,Ute-10,2012,UTE,UTE,130000,2012,HIGH,ELECTRIC,MEDIUM,2,0.162,MEDIUM,ELEVATED,2026-08-01T00:00:00Z
VEH-00045,Kia,Wagon-11,2008,WAGON,WAGON,25000,2008,LOW,SMALL,HIGH,5,0.567,HIGH,SPECIALIST,2026-08-01T00:00:00Z
VEH-00046,Subaru,Sedan-12,2013,SEDAN,SEDAN,82000,2013,HIGH,MEDIUM,LOW,4,0.147,LOW,STANDARD,2026-08-01T00:00:00Z
VEH-00047,Honda,Hatch-13,2017,HATCH,HATCH,118000,2017,HIGH,LARGE,MEDIUM,3,0.458,MEDIUM,ELEVATED,2026-08-01T00:00:00Z
VEH-00048,Tesla,SUV-14,2026,SUV,SUV,139000,2026,HIGH,ELECTRIC,HIGH,3,0.817,HIGH,SPECIALIST,2026-08-01T00:00:00Z
VEH-00049,Toyota,Ute-15,2016,UTE,UTE,20000,2016,LOW,SMALL,LOW,5,0.308,LOW,STANDARD,2026-08-01T00:00:00Z
VEH-00050,Mazda,Wagon-16,2005,WAGON,WAGON,128000,2005,HIGH,MEDIUM,MEDIUM,3,0.752,MEDIUM,ELEVATED,2026-08-01T00:00:00Z
VEH-00051,Ford,Sedan-17,2012,SEDAN,SEDAN,59000,2012,MEDIUM,LARGE,HIGH,3,0.109,HIGH,SPECIALIST,2026-08-01T00:00:00Z
VEH-00052,Hyundai,Hatch-1,2013,HATCH,HATCH,29000,2013,LOW,ELECTRIC,LOW,3,0.525,LOW,STANDARD,2026-08-01T00:00:00Z
VEH-00053,Kia,SUV-2,2012,SUV,SUV,90000,2012,HIGH,SMALL,MEDIUM,5,0.356,MEDIUM,ELEVATED,2026-08-01T00:00:00Z
VEH-00054,Subaru,Ute-3,2020,UTE,UTE,9000,2020,LOW,MEDIUM,HIGH,3,0.322,HIGH,SPECIALIST,2026-08-01T00:00:00Z
VEH-00055,Honda,Wagon-4,2010,WAGON,WAGON,89000,2010,HIGH,LARGE,LOW,2,0.414,LOW,STANDARD,2026-08-01T00:00:00Z
VEH-00056,Tesla,Sedan-5,2008,SEDAN,SEDAN,127000,2008,HIGH,ELECTRIC,MEDIUM,4,0.230,MEDIUM,ELEVATED,2026-08-01T00:00:00Z
VEH-00057,Toyota,Hatch-6,2017,HATCH,HATCH,130000,2017,HIGH,SMALL,HIGH,4,0.605,HIGH,SPECIALIST,2026-08-01T00:00:00Z
VEH-00058,Mazda,SUV-7,2010,SUV,SUV,23000,2010,LOW,MEDIUM,LOW,4,0.391,LOW,STANDARD,2026-08-01T00:00:00Z
VEH-00059,Ford,Ute-8,2011,UTE,UTE,46000,2011,MEDIUM,LARGE,MEDIUM,5,0.085,MEDIUM,ELEVATED,2026-08-01T00:00:00Z
VEH-00060,Hyundai,Wagon-9,2008,WAGON,WAGON,125000,2008,HIGH,ELECTRIC,HIGH,4,0.139,HIGH,SPECIALIST,2026-08-01T00:00:00Z
VEH-00061,Kia,Sedan-10,2009,SEDAN,SEDAN,36000,2009,MEDIUM,SMALL,LOW,3,0.490,LOW,STANDARD,2026-08-01T00:00:00Z
VEH-00062,Subaru,Hatch-11,2021,HATCH,HATCH,111000,2021,HIGH,MEDIUM,MEDIUM,5,0.784,MEDIUM,ELEVATED,2026-08-01T00:00:00Z
VEH-00063,Honda,SUV-12,2010,SUV,SUV,132000,2010,HIGH,LARGE,HIGH,3,0.224,HIGH,SPECIALIST,2026-08-01T00:00:00Z
VEH-00064,Tesla,Ute-13,2020,UTE,UTE,100000,2020,HIGH,ELECTRIC,LOW,4,0.162,LOW,STANDARD,2026-08-01T00:00:00Z
VEH-00065,Toyota,Wagon-14,2007,WAGON,WAGON,84000,2007,HIGH,SMALL,MEDIUM,2,0.203,MEDIUM,ELEVATED,2026-08-01T00:00:00Z
VEH-00066,Mazda,Sedan-15,2023,SEDAN,SEDAN,26000,2023,LOW,MEDIUM,HIGH,5,0.170,HIGH,SPECIALIST,2026-08-01T00:00:00Z
VEH-00067,Ford,Hatch-16,2017,HATCH,HATCH,97000,2017,HIGH,LARGE,LOW,2,0.334,LOW,STANDARD,2026-08-01T00:00:00Z
VEH-00068,Hyundai,SUV-17,2020,SUV,SUV,108000,2020,HIGH,ELECTRIC,MEDIUM,2,0.735,MEDIUM,ELEVATED,2026-08-01T00:00:00Z
VEH-00069,Kia,Ute-1,2012,UTE,UTE,98000,2012,HIGH,SMALL,HIGH,3,0.319,HIGH,SPECIALIST,2026-08-01T00:00:00Z
VEH-00070,Subaru,Wagon-2,2018,WAGON,WAGON,79000,2018,MEDIUM,MEDIUM,LOW,2,0.331,LOW,STANDARD,2026-08-01T00:00:00Z
VEH-00071,Honda,Sedan-3,2018,SEDAN,SEDAN,75000,2018,MEDIUM,LARGE,MEDIUM,2,0.651,MEDIUM,ELEVATED,2026-08-01T00:00:00Z
VEH-00072,Tesla,Hatch-4,2014,HATCH,HATCH,122000,2014,HIGH,ELECTRIC,HIGH,5,0.573,HIGH,SPECIALIST,2026-08-01T00:00:00Z
VEH-00073,Toyota,SUV-5,2016,SUV,SUV,78000,2016,MEDIUM,SMALL,LOW,4,0.408,LOW,STANDARD,2026-08-01T00:00:00Z
VEH-00074,Mazda,Ute-6,2011,UTE,UTE,129000,2011,HIGH,MEDIUM,MEDIUM,4,0.778,MEDIUM,ELEVATED,2026-08-01T00:00:00Z
VEH-00075,Ford,Wagon-7,2013,WAGON,WAGON,97000,2013,HIGH,LARGE,HIGH,2,0.841,HIGH,SPECIALIST,2026-08-01T00:00:00Z
VEH-00076,Hyundai,Sedan-8,2015,SEDAN,SEDAN,137000,2015,HIGH,ELECTRIC,LOW,2,0.703,LOW,STANDARD,2026-08-01T00:00:00Z
VEH-00077,Kia,Hatch-9,2009,HATCH,HATCH,20000,2009,LOW,SMALL,MEDIUM,5,0.165,MEDIUM,ELEVATED,2026-08-01T00:00:00Z
VEH-00078,Subaru,SUV-10,2017,SUV,SUV,97000,2017,HIGH,MEDIUM,HIGH,5,0.608,HIGH,SPECIALIST,2026-08-01T00:00:00Z
VEH-00079,Honda,Ute-11,2016,UTE,UTE,17000,2016,LOW,LARGE,LOW,5,0.302,LOW,STANDARD,2026-08-01T00:00:00Z
VEH-00080,Tesla,Wagon-12,2007,WAGON,WAGON,64000,2007,MEDIUM,ELECTRIC,MEDIUM,3,0.251,MEDIUM,ELEVATED,2026-08-01T00:00:00Z
VEH-00081,Toyota,Sedan-13,2020,SEDAN,SEDAN,63000,2020,MEDIUM,SMALL,HIGH,3,0.586,HIGH,SPECIALIST,2026-08-01T00:00:00Z
VEH-00082,Mazda,Hatch-14,2005,HATCH,HATCH,92000,2005,HIGH,MEDIUM,LOW,2,0.180,LOW,STANDARD,2026-08-01T00:00:00Z
VEH-00083,Ford,SUV-15,2007,SUV,SUV,101000,2007,HIGH,LARGE,MEDIUM,4,0.625,MEDIUM,ELEVATED,2026-08-01T00:00:00Z
VEH-00084,Hyundai,Ute-16,2026,UTE,UTE,129000,2026,HIGH,ELECTRIC,HIGH,3,0.443,HIGH,SPECIALIST,2026-08-01T00:00:00Z
VEH-00085,Kia,Wagon-17,2007,WAGON,WAGON,46000,2007,MEDIUM,SMALL,LOW,3,0.806,LOW,STANDARD,2026-08-01T00:00:00Z
VEH-00086,Subaru,Sedan-1,2024,SEDAN,SEDAN,57000,2024,MEDIUM,MEDIUM,MEDIUM,3,0.205,MEDIUM,ELEVATED,2026-08-01T00:00:00Z
VEH-00087,Honda,Hatch-2,2009,HATCH,HATCH,31000,2009,MEDIUM,LARGE,HIGH,4,0.709,HIGH,SPECIALIST,2026-08-01T00:00:00Z
VEH-00088,Tesla,SUV-3,2018,SUV,SUV,123000,2018,HIGH,ELECTRIC,LOW,4,0.224,LOW,STANDARD,2026-08-01T00:00:00Z
VEH-00089,Toyota,Ute-4,2005,UTE,UTE,12000,2005,LOW,SMALL,MEDIUM,5,0.647,MEDIUM,ELEVATED,2026-08-01T00:00:00Z
VEH-00090,Mazda,Wagon-5,2018,WAGON,WAGON,26000,2018,LOW,MEDIUM,HIGH,2,0.340,HIGH,SPECIALIST,2026-08-01T00:00:00Z
VEH-00091,Ford,Sedan-6,2021,SEDAN,SEDAN,22000,2021,LOW,LARGE,LOW,5,0.840,LOW,STANDARD,2026-08-01T00:00:00Z
VEH-00092,Hyundai,Hatch-7,2022,HATCH,HATCH,138000,2022,HIGH,ELECTRIC,MEDIUM,2,0.859,MEDIUM,ELEVATED,2026-08-01T00:00:00Z
VEH-00093,Kia,SUV-8,2016,SUV,SUV,92000,2016,HIGH,SMALL,HIGH,4,0.416,HIGH,SPECIALIST,2026-08-01T00:00:00Z
VEH-00094,Subaru,Ute-9,2013,UTE,UTE,17000,2013,LOW,MEDIUM,LOW,4,0.770,LOW,STANDARD,2026-08-01T00:00:00Z
VEH-00095,Honda,Wagon-10,2006,WAGON,WAGON,19000,2006,LOW,LARGE,MEDIUM,5,0.066,MEDIUM,ELEVATED,2026-08-01T00:00:00Z
VEH-00096,Tesla,Sedan-11,2007,SEDAN,SEDAN,135000,2007,HIGH,ELECTRIC,HIGH,3,0.676,HIGH,SPECIALIST,2026-08-01T00:00:00Z
VEH-00097,Toyota,Hatch-12,2005,HATCH,HATCH,31000,2005,MEDIUM,SMALL,LOW,5,0.515,LOW,STANDARD,2026-08-01T00:00:00Z
VEH-00098,Mazda,SUV-13,2016,SUV,SUV,32000,2016,MEDIUM,MEDIUM,MEDIUM,2,0.503,MEDIUM,ELEVATED,2026-08-01T00:00:00Z
VEH-00099,Ford,Ute-14,2018,UTE,UTE,29000,2018,LOW,LARGE,HIGH,3,0.595,HIGH,SPECIALIST,2026-08-01T00:00:00Z
VEH-00100,Hyundai,Wagon-15,2021,WAGON,WAGON,62000,2021,MEDIUM,ELECTRIC,LOW,4,0.426,LOW,STANDARD,2026-08-01T00:00:00Z
VEH-00101,Kia,Sedan-16,2020,SEDAN,SEDAN,93000,2020,HIGH,SMALL,MEDIUM,2,0.435,MEDIUM,ELEVATED,2026-08-01T00:00:00Z
VEH-00102,Subaru,Hatch-17,2022,HATCH,HATCH,130000,2022,HIGH,MEDIUM,HIGH,3,0.497,HIGH,SPECIALIST,2026-08-01T00:00:00Z
VEH-00103,Honda,SUV-1,2010,SUV,SUV,114000,2010,HIGH,LARGE,LOW,3,0.217,LOW,STANDARD,2026-08-01T00:00:00Z
VEH-00104,Tesla,Ute-2,2006,UTE,UTE,21000,2006,LOW,ELECTRIC,MEDIUM,5,0.831,MEDIUM,ELEVATED,2026-08-01T00:00:00Z
VEH-00105,Toyota,Wagon-3,2017,WAGON,WAGON,110000,2017,HIGH,SMALL,HIGH,4,0.538,HIGH,SPECIALIST,2026-08-01T00:00:00Z
VEH-00106,Mazda,Sedan-4,2021,SEDAN,SEDAN,101000,2021,HIGH,MEDIUM,LOW,3,0.608,LOW,STANDARD,2026-08-01T00:00:00Z
VEH-00107,Ford,Hatch-5,2018,HATCH,HATCH,90000,2018,HIGH,LARGE,MEDIUM,3,0.182,MEDIUM,ELEVATED,2026-08-01T00:00:00Z
VEH-00108,Hyundai,SUV-6,2013,SUV,SUV,80000,2013,HIGH,ELECTRIC,HIGH,2,0.667,HIGH,SPECIALIST,2026-08-01T00:00:00Z
VEH-00109,Kia,Ute-7,2009,UTE,UTE,98000,2009,HIGH,SMALL,LOW,2,0.829,LOW,STANDARD,2026-08-01T00:00:00Z
VEH-00110,Subaru,Wagon-8,2009,WAGON,WAGON,21000,2009,LOW,MEDIUM,MEDIUM,3,0.342,MEDIUM,ELEVATED,2026-08-01T00:00:00Z
VEH-00111,Honda,Sedan-9,2019,SEDAN,SEDAN,50000,2019,MEDIUM,LARGE,HIGH,3,0.506,HIGH,SPECIALIST,2026-08-01T00:00:00Z
VEH-00112,Tesla,Hatch-10,2020,HATCH,HATCH,80000,2020,HIGH,ELECTRIC,LOW,2,0.796,LOW,STANDARD,2026-08-01T00:00:00Z
VEH-00113,Toyota,SUV-11,2022,SUV,SUV,126000,2022,HIGH,SMALL,MEDIUM,4,0.174,MEDIUM,ELEVATED,2026-08-01T00:00:00Z
VEH-00114,Mazda,Ute-12,2012,UTE,UTE,123000,2012,HIGH,MEDIUM,HIGH,2,0.724,HIGH,SPECIALIST,2026-08-01T00:00:00Z
VEH-00115,Ford,Wagon-13,2020,WAGON,WAGON,134000,2020,HIGH,LARGE,LOW,3,0.320,LOW,STANDARD,2026-08-01T00:00:00Z
VEH-00116,Hyundai,Sedan-14,2009,SEDAN,SEDAN,85000,2009,HIGH,ELECTRIC,MEDIUM,4,0.100,MEDIUM,ELEVATED,2026-08-01T00:00:00Z
VEH-00117,Kia,Hatch-15,2016,HATCH,HATCH,68000,2016,MEDIUM,SMALL,HIGH,2,0.133,HIGH,SPECIALIST,2026-08-01T00:00:00Z
VEH-00118,Subaru,SUV-16,2021,SUV,SUV,106000,2021,HIGH,MEDIUM,LOW,2,0.230,LOW,STANDARD,2026-08-01T00:00:00Z
VEH-00119,Honda,Ute-17,2010,UTE,UTE,80000,2010,HIGH,LARGE,MEDIUM,5,0.874,MEDIUM,ELEVATED,2026-08-01T00:00:00Z
VEH-00120,Tesla,Wagon-1,2009,WAGON,WAGON,35000,2009,MEDIUM,ELECTRIC,HIGH,5,0.091,HIGH,SPECIALIST,2026-08-01T00:00:00Z
VEH-00121,Toyota,Sedan-2,2007,SEDAN,SEDAN,82000,2007,HIGH,SMALL,LOW,4,0.079,LOW,STANDARD,2026-08-01T00:00:00Z
VEH-00122,Mazda,Hatch-3,2011,HATCH,HATCH,116000,2011,HIGH,MEDIUM,MEDIUM,2,0.216,MEDIUM,ELEVATED,2026-08-01T00:00:00Z
VEH-00123,Ford,SUV-4,2005,SUV,SUV,27000,2005,LOW,LARGE,HIGH,3,0.501,HIGH,SPECIALIST,2026-08-01T00:00:00Z
VEH-00124,Hyundai,Ute-5,2022,UTE,UTE,98000,2022,HIGH,ELECTRIC,LOW,4,0.671,LOW,STANDARD,2026-08-01T00:00:00Z
VEH-00125,Kia,Wagon-6,2019,WAGON,WAGON,44000,2019,MEDIUM,SMALL,MEDIUM,3,0.796,MEDIUM,ELEVATED,2026-08-01T00:00:00Z
VEH-00126,Subaru,Sedan-7,2015,SEDAN,SEDAN,80000,2015,HIGH,MEDIUM,HIGH,4,0.439,HIGH,SPECIALIST,2026-08-01T00:00:00Z
VEH-00127,Honda,Hatch-8,2012,HATCH,HATCH,29000,2012,LOW,LARGE,LOW,2,0.749,LOW,STANDARD,2026-08-01T00:00:00Z
VEH-00128,Tesla,SUV-9,2017,SUV,SUV,53000,2017,MEDIUM,ELECTRIC,MEDIUM,2,0.332,MEDIUM,ELEVATED,2026-08-01T00:00:00Z
VEH-00129,Toyota,Ute-10,2019,UTE,UTE,17000,2019,LOW,SMALL,HIGH,5,0.285,HIGH,SPECIALIST,2026-08-01T00:00:00Z
VEH-00130,Mazda,Wagon-11,2012,WAGON,WAGON,76000,2012,MEDIUM,MEDIUM,LOW,5,0.472,LOW,STANDARD,2026-08-01T00:00:00Z
VEH-00131,Ford,Sedan-12,2020,SEDAN,SEDAN,138000,2020,HIGH,LARGE,MEDIUM,5,0.150,MEDIUM,ELEVATED,2026-08-01T00:00:00Z
VEH-00132,Hyundai,Hatch-13,2010,HATCH,HATCH,79000,2010,MEDIUM,ELECTRIC,HIGH,3,0.383,HIGH,SPECIALIST,2026-08-01T00:00:00Z
VEH-00133,Kia,SUV-14,2016,SUV,SUV,117000,2016,HIGH,SMALL,LOW,2,0.100,LOW,STANDARD,2026-08-01T00:00:00Z
VEH-00134,Subaru,Ute-15,2019,UTE,UTE,60000,2019,MEDIUM,MEDIUM,MEDIUM,4,0.166,MEDIUM,ELEVATED,2026-08-01T00:00:00Z
VEH-00135,Honda,Wagon-16,2024,WAGON,WAGON,128000,2024,HIGH,LARGE,HIGH,4,0.170,HIGH,SPECIALIST,2026-08-01T00:00:00Z
VEH-00136,Tesla,Sedan-17,2015,SEDAN,SEDAN,87000,2015,HIGH,ELECTRIC,LOW,3,0.171,LOW,STANDARD,2026-08-01T00:00:00Z
VEH-00137,Toyota,Hatch-1,2025,HATCH,HATCH,70000,2025,MEDIUM,SMALL,MEDIUM,5,0.719,MEDIUM,ELEVATED,2026-08-01T00:00:00Z
VEH-00138,Mazda,SUV-2,2022,SUV,SUV,113000,2022,HIGH,MEDIUM,HIGH,5,0.454,HIGH,SPECIALIST,2026-08-01T00:00:00Z
VEH-00139,Ford,Ute-3,2006,UTE,UTE,21000,2006,LOW,LARGE,LOW,4,0.887,LOW,STANDARD,2026-08-01T00:00:00Z
VEH-00140,Hyundai,Wagon-4,2005,WAGON,WAGON,29000,2005,LOW,ELECTRIC,MEDIUM,5,0.524,MEDIUM,ELEVATED,2026-08-01T00:00:00Z
VEH-00141,Kia,Sedan-5,2009,SEDAN,SEDAN,32000,2009,MEDIUM,SMALL,HIGH,3,0.210,HIGH,SPECIALIST,2026-08-01T00:00:00Z
VEH-00142,Subaru,Hatch-6,2008,HATCH,HATCH,111000,2008,HIGH,MEDIUM,LOW,2,0.110,LOW,STANDARD,2026-08-01T00:00:00Z
VEH-00143,Honda,SUV-7,2006,SUV,SUV,18000,2006,LOW,LARGE,MEDIUM,5,0.170,MEDIUM,ELEVATED,2026-08-01T00:00:00Z
VEH-00144,Tesla,Ute-8,2006,UTE,UTE,96000,2006,HIGH,ELECTRIC,HIGH,5,0.321,HIGH,SPECIALIST,2026-08-01T00:00:00Z
VEH-00145,Toyota,Wagon-9,2026,WAGON,WAGON,82000,2026,HIGH,SMALL,LOW,2,0.810,LOW,STANDARD,2026-08-01T00:00:00Z
VEH-00146,Mazda,Sedan-10,2020,SEDAN,SEDAN,82000,2020,HIGH,MEDIUM,MEDIUM,3,0.594,MEDIUM,ELEVATED,2026-08-01T00:00:00Z
VEH-00147,Ford,Hatch-11,2019,HATCH,HATCH,107000,2019,HIGH,LARGE,HIGH,3,0.407,HIGH,SPECIALIST,2026-08-01T00:00:00Z
VEH-00148,Hyundai,SUV-12,2005,SUV,SUV,67000,2005,MEDIUM,ELECTRIC,LOW,4,0.813,LOW,STANDARD,2026-08-01T00:00:00Z
VEH-00149,Kia,Ute-13,2006,UTE,UTE,115000,2006,HIGH,SMALL,MEDIUM,5,0.783,MEDIUM,ELEVATED,2026-08-01T00:00:00Z
VEH-00150,Subaru,Wagon-14,2013,WAGON,WAGON,59000,2013,MEDIUM,MEDIUM,HIGH,2,0.319,HIGH,SPECIALIST,2026-08-01T00:00:00Z
VEH-00151,Honda,Sedan-15,2011,SEDAN,SEDAN,40000,2011,MEDIUM,LARGE,LOW,4,0.234,LOW,STANDARD,2026-08-01T00:00:00Z
VEH-00152,Tesla,Hatch-16,2016,HATCH,HATCH,58000,2016,MEDIUM,ELECTRIC,MEDIUM,5,0.713,MEDIUM,ELEVATED,2026-08-01T00:00:00Z
VEH-00153,Toyota,SUV-17,2011,SUV,SUV,123000,2011,HIGH,SMALL,HIGH,5,0.427,HIGH,SPECIALIST,2026-08-01T00:00:00Z
VEH-00154,Mazda,Ute-1,2026,UTE,UTE,87000,2026,HIGH,MEDIUM,LOW,2,0.498,LOW,STANDARD,2026-08-01T00:00:00Z
VEH-00155,Ford,Wagon-2,2023,WAGON,WAGON,15000,2023,LOW,LARGE,MEDIUM,4,0.806,MEDIUM,ELEVATED,2026-08-01T00:00:00Z
VEH-00156,Hyundai,Sedan-3,2018,SEDAN,SEDAN,94000,2018,HIGH,ELECTRIC,HIGH,2,0.518,HIGH,SPECIALIST,2026-08-01T00:00:00Z
VEH-00157,Kia,Hatch-4,2026,HATCH,HATCH,109000,2026,HIGH,SMALL,LOW,2,0.087,LOW,STANDARD,2026-08-01T00:00:00Z
VEH-00158,Subaru,SUV-5,2007,SUV,SUV,72000,2007,MEDIUM,MEDIUM,MEDIUM,4,0.645,MEDIUM,ELEVATED,2026-08-01T00:00:00Z
VEH-00159,Honda,Ute-6,2009,UTE,UTE,50000,2009,MEDIUM,LARGE,HIGH,4,0.854,HIGH,SPECIALIST,2026-08-01T00:00:00Z
VEH-00160,Tesla,Wagon-7,2025,WAGON,WAGON,24000,2025,LOW,ELECTRIC,LOW,3,0.065,LOW,STANDARD,2026-08-01T00:00:00Z
VEH-00161,Toyota,Sedan-8,2014,SEDAN,SEDAN,132000,2014,HIGH,SMALL,MEDIUM,3,0.495,MEDIUM,ELEVATED,2026-08-01T00:00:00Z
VEH-00162,Mazda,Hatch-9,2015,HATCH,HATCH,26000,2015,LOW,MEDIUM,HIGH,5,0.885,HIGH,SPECIALIST,2026-08-01T00:00:00Z
VEH-00163,Ford,SUV-10,2006,SUV,SUV,53000,2006,MEDIUM,LARGE,LOW,3,0.429,LOW,STANDARD,2026-08-01T00:00:00Z
VEH-00164,Hyundai,Ute-11,2026,UTE,UTE,139000,2026,HIGH,ELECTRIC,MEDIUM,3,0.191,MEDIUM,ELEVATED,2026-08-01T00:00:00Z
VEH-00165,Kia,Wagon-12,2017,WAGON,WAGON,109000,2017,HIGH,SMALL,HIGH,4,0.417,HIGH,SPECIALIST,2026-08-01T00:00:00Z
VEH-00166,Subaru,Sedan-13,2011,SEDAN,SEDAN,24000,2011,LOW,MEDIUM,LOW,4,0.129,LOW,STANDARD,2026-08-01T00:00:00Z
VEH-00167,Honda,Hatch-14,2023,HATCH,HATCH,75000,2023,MEDIUM,LARGE,MEDIUM,3,0.106,MEDIUM,ELEVATED,2026-08-01T00:00:00Z
VEH-00168,Tesla,SUV-15,2019,SUV,SUV,92000,2019,HIGH,ELECTRIC,HIGH,2,0.479,HIGH,SPECIALIST,2026-08-01T00:00:00Z
VEH-00169,Toyota,Ute-16,2014,UTE,UTE,92000,2014,HIGH,SMALL,LOW,5,0.359,LOW,STANDARD,2026-08-01T00:00:00Z
VEH-00170,Mazda,Wagon-17,2012,WAGON,WAGON,99000,2012,HIGH,MEDIUM,MEDIUM,3,0.727,MEDIUM,ELEVATED,2026-08-01T00:00:00Z
VEH-00171,Ford,Sedan-1,2015,SEDAN,SEDAN,101000,2015,HIGH,LARGE,HIGH,3,0.600,HIGH,SPECIALIST,2026-08-01T00:00:00Z
VEH-00172,Hyundai,Hatch-2,2017,HATCH,HATCH,46000,2017,MEDIUM,ELECTRIC,LOW,5,0.530,LOW,STANDARD,2026-08-01T00:00:00Z
VEH-00173,Kia,SUV-3,2009,SUV,SUV,101000,2009,HIGH,SMALL,MEDIUM,3,0.680,MEDIUM,ELEVATED,2026-08-01T00:00:00Z
VEH-00174,Subaru,Ute-4,2023,UTE,UTE,18000,2023,LOW,MEDIUM,HIGH,3,0.192,HIGH,SPECIALIST,2026-08-01T00:00:00Z
VEH-00175,Honda,Wagon-5,2025,WAGON,WAGON,99000,2025,HIGH,LARGE,LOW,4,0.131,LOW,STANDARD,2026-08-01T00:00:00Z
VEH-00176,Tesla,Sedan-6,2017,SEDAN,SEDAN,80000,2017,HIGH,ELECTRIC,MEDIUM,3,0.868,MEDIUM,ELEVATED,2026-08-01T00:00:00Z
VEH-00177,Toyota,Hatch-7,2019,HATCH,HATCH,43000,2019,MEDIUM,SMALL,HIGH,4,0.735,HIGH,SPECIALIST,2026-08-01T00:00:00Z
VEH-00178,Mazda,SUV-8,2008,SUV,SUV,57000,2008,MEDIUM,MEDIUM,LOW,4,0.605,LOW,STANDARD,2026-08-01T00:00:00Z
VEH-00179,Ford,Ute-9,2007,UTE,UTE,77000,2007,MEDIUM,LARGE,MEDIUM,4,0.635,MEDIUM,ELEVATED,2026-08-01T00:00:00Z
VEH-00180,Hyundai,Wagon-10,2024,WAGON,WAGON,127000,2024,HIGH,ELECTRIC,HIGH,4,0.249,HIGH,SPECIALIST,2026-08-01T00:00:00Z
VEH-00181,Kia,Sedan-11,2005,SEDAN,SEDAN,81000,2005,HIGH,SMALL,LOW,2,0.275,LOW,STANDARD,2026-08-01T00:00:00Z
VEH-00182,Subaru,Hatch-12,2020,HATCH,HATCH,28000,2020,LOW,MEDIUM,MEDIUM,4,0.698,MEDIUM,ELEVATED,2026-08-01T00:00:00Z
VEH-00183,Honda,SUV-13,2017,SUV,SUV,110000,2017,HIGH,LARGE,HIGH,5,0.423,HIGH,SPECIALIST,2026-08-01T00:00:00Z
VEH-00184,Tesla,Ute-14,2005,UTE,UTE,9000,2005,LOW,ELECTRIC,LOW,5,0.383,LOW,STANDARD,2026-08-01T00:00:00Z
VEH-00185,Toyota,Wagon-15,2020,WAGON,WAGON,99000,2020,HIGH,SMALL,MEDIUM,4,0.105,MEDIUM,ELEVATED,2026-08-01T00:00:00Z
VEH-00186,Mazda,Sedan-16,2010,SEDAN,SEDAN,88000,2010,HIGH,MEDIUM,HIGH,5,0.378,HIGH,SPECIALIST,2026-08-01T00:00:00Z
VEH-00187,Ford,Hatch-17,2017,HATCH,HATCH,88000,2017,HIGH,LARGE,LOW,4,0.656,LOW,STANDARD,2026-08-01T00:00:00Z
VEH-00188,Hyundai,SUV-1,2026,SUV,SUV,11000,2026,LOW,ELECTRIC,MEDIUM,2,0.429,MEDIUM,ELEVATED,2026-08-01T00:00:00Z
VEH-00189,Kia,Ute-2,2011,UTE,UTE,125000,2011,HIGH,SMALL,HIGH,4,0.372,HIGH,SPECIALIST,2026-08-01T00:00:00Z
VEH-00190,Subaru,Wagon-3,2008,WAGON,WAGON,128000,2008,HIGH,MEDIUM,LOW,4,0.494,LOW,STANDARD,2026-08-01T00:00:00Z
VEH-00191,Honda,Sedan-4,2008,SEDAN,SEDAN,71000,2008,MEDIUM,LARGE,MEDIUM,3,0.362,MEDIUM,ELEVATED,2026-08-01T00:00:00Z
VEH-00192,Tesla,Hatch-5,2013,HATCH,HATCH,111000,2013,HIGH,ELECTRIC,HIGH,3,0.878,HIGH,SPECIALIST,2026-08-01T00:00:00Z
VEH-00193,Toyota,SUV-6,2011,SUV,SUV,26000,2011,LOW,SMALL,LOW,4,0.583,LOW,STANDARD,2026-08-01T00:00:00Z
VEH-00194,Mazda,Ute-7,2011,UTE,UTE,18000,2011,LOW,MEDIUM,MEDIUM,3,0.886,MEDIUM,ELEVATED,2026-08-01T00:00:00Z
VEH-00195,Ford,Wagon-8,2009,WAGON,WAGON,45000,2009,MEDIUM,LARGE,HIGH,3,0.818,HIGH,SPECIALIST,2026-08-01T00:00:00Z
VEH-00196,Hyundai,Sedan-9,2022,SEDAN,SEDAN,109000,2022,HIGH,ELECTRIC,LOW,3,0.159,LOW,STANDARD,2026-08-01T00:00:00Z
VEH-00197,Kia,Hatch-10,2009,HATCH,HATCH,110000,2009,HIGH,SMALL,MEDIUM,2,0.811,MEDIUM,ELEVATED,2026-08-01T00:00:00Z
VEH-00198,Subaru,SUV-11,2019,SUV,SUV,87000,2019,HIGH,MEDIUM,HIGH,5,0.711,HIGH,SPECIALIST,2026-08-01T00:00:00Z
VEH-00199,Honda,Ute-12,2026,UTE,UTE,79000,2026,MEDIUM,LARGE,LOW,3,0.259,LOW,STANDARD,2026-08-01T00:00:00Z
VEH-00200,Tesla,Wagon-13,2007,WAGON,WAGON,50000,2007,MEDIUM,ELECTRIC,MEDIUM,5,0.727,MEDIUM,ELEVATED,2026-08-01T00:00:00Z
VEH-00201,Toyota,Sedan-14,2005,SEDAN,SEDAN,48000,2005,MEDIUM,SMALL,HIGH,3,0.424,HIGH,SPECIALIST,2026-08-01T00:00:00Z
VEH-00202,Mazda,Hatch-15,2022,HATCH,HATCH,120000,2022,HIGH,MEDIUM,LOW,2,0.468,LOW,STANDARD,2026-08-01T00:00:00Z
VEH-00203,Ford,SUV-16,2021,SUV,SUV,127000,2021,HIGH,LARGE,MEDIUM,4,0.384,MEDIUM,ELEVATED,2026-08-01T00:00:00Z
VEH-00204,Hyundai,Ute-17,2020,UTE,UTE,18000,2020,LOW,ELECTRIC,HIGH,3,0.778,HIGH,SPECIALIST,2026-08-01T00:00:00Z
VEH-00205,Kia,Wagon-1,2021,WAGON,WAGON,129000,2021,HIGH,SMALL,LOW,4,0.368,LOW,STANDARD,2026-08-01T00:00:00Z
VEH-00206,Subaru,Sedan-2,2012,SEDAN,SEDAN,16000,2012,LOW,MEDIUM,MEDIUM,3,0.404,MEDIUM,ELEVATED,2026-08-01T00:00:00Z
VEH-00207,Honda,Hatch-3,2025,HATCH,HATCH,66000,2025,MEDIUM,LARGE,HIGH,2,0.817,HIGH,SPECIALIST,2026-08-01T00:00:00Z
VEH-00208,Tesla,SUV-4,2025,SUV,SUV,11000,2025,LOW,ELECTRIC,LOW,4,0.376,LOW,STANDARD,2026-08-01T00:00:00Z
VEH-00209,Toyota,Ute-5,2021,UTE,UTE,107000,2021,HIGH,SMALL,MEDIUM,2,0.391,MEDIUM,ELEVATED,2026-08-01T00:00:00Z
VEH-00210,Mazda,Wagon-6,2025,WAGON,WAGON,57000,2025,MEDIUM,MEDIUM,HIGH,4,0.277,HIGH,SPECIALIST,2026-08-01T00:00:00Z
VEH-00211,Ford,Sedan-7,2011,SEDAN,SEDAN,17000,2011,LOW,LARGE,LOW,4,0.850,LOW,STANDARD,2026-08-01T00:00:00Z
VEH-00212,Hyundai,Hatch-8,2019,HATCH,HATCH,39000,2019,MEDIUM,ELECTRIC,MEDIUM,3,0.266,MEDIUM,ELEVATED,2026-08-01T00:00:00Z
VEH-00213,Kia,SUV-9,2023,SUV,SUV,76000,2023,MEDIUM,SMALL,HIGH,5,0.351,HIGH,SPECIALIST,2026-08-01T00:00:00Z
VEH-00214,Subaru,Ute-10,2022,UTE,UTE,72000,2022,MEDIUM,MEDIUM,LOW,3,0.308,LOW,STANDARD,2026-08-01T00:00:00Z
VEH-00215,Honda,Wagon-11,2023,WAGON,WAGON,121000,2023,HIGH,LARGE,MEDIUM,3,0.673,MEDIUM,ELEVATED,2026-08-01T00:00:00Z
VEH-00216,Tesla,Sedan-12,2010,SEDAN,SEDAN,90000,2010,HIGH,ELECTRIC,HIGH,4,0.142,HIGH,SPECIALIST,2026-08-01T00:00:00Z
VEH-00217,Toyota,Hatch-13,2022,HATCH,HATCH,63000,2022,MEDIUM,SMALL,LOW,2,0.478,LOW,STANDARD,2026-08-01T00:00:00Z
VEH-00218,Mazda,SUV-14,2020,SUV,SUV,33000,2020,MEDIUM,MEDIUM,MEDIUM,4,0.862,MEDIUM,ELEVATED,2026-08-01T00:00:00Z
VEH-00219,Ford,Ute-15,2006,UTE,UTE,69000,2006,MEDIUM,LARGE,HIGH,2,0.545,HIGH,SPECIALIST,2026-08-01T00:00:00Z
VEH-00220,Hyundai,Wagon-16,2025,WAGON,WAGON,109000,2025,HIGH,ELECTRIC,LOW,2,0.748,LOW,STANDARD,2026-08-01T00:00:00Z
VEH-00221,Kia,Sedan-17,2021,SEDAN,SEDAN,24000,2021,LOW,SMALL,MEDIUM,4,0.778,MEDIUM,ELEVATED,2026-08-01T00:00:00Z
VEH-00222,Subaru,Hatch-1,2024,HATCH,HATCH,55000,2024,MEDIUM,MEDIUM,HIGH,2,0.859,HIGH,SPECIALIST,2026-08-01T00:00:00Z
VEH-00223,Honda,SUV-2,2010,SUV,SUV,97000,2010,HIGH,LARGE,LOW,2,0.588,LOW,STANDARD,2026-08-01T00:00:00Z
VEH-00224,Tesla,Ute-3,2026,UTE,UTE,73000,2026,MEDIUM,ELECTRIC,MEDIUM,5,0.227,MEDIUM,ELEVATED,2026-08-01T00:00:00Z
VEH-00225,Toyota,Wagon-4,2016,WAGON,WAGON,126000,2016,HIGH,SMALL,HIGH,3,0.371,HIGH,SPECIALIST,2026-08-01T00:00:00Z
VEH-00226,Mazda,Sedan-5,2012,SEDAN,SEDAN,105000,2012,HIGH,MEDIUM,LOW,4,0.412,LOW,STANDARD,2026-08-01T00:00:00Z
VEH-00227,Ford,Hatch-6,2018,HATCH,HATCH,90000,2018,HIGH,LARGE,MEDIUM,2,0.703,MEDIUM,ELEVATED,2026-08-01T00:00:00Z
VEH-00228,Hyundai,SUV-7,2016,SUV,SUV,116000,2016,HIGH,ELECTRIC,HIGH,4,0.596,HIGH,SPECIALIST,2026-08-01T00:00:00Z
VEH-00229,Kia,Ute-8,2006,UTE,UTE,28000,2006,LOW,SMALL,LOW,2,0.540,LOW,STANDARD,2026-08-01T00:00:00Z
VEH-00230,Subaru,Wagon-9,2008,WAGON,WAGON,68000,2008,MEDIUM,MEDIUM,MEDIUM,4,0.240,MEDIUM,ELEVATED,2026-08-01T00:00:00Z
VEH-00231,Honda,Sedan-10,2020,SEDAN,SEDAN,45000,2020,MEDIUM,LARGE,HIGH,2,0.276,HIGH,SPECIALIST,2026-08-01T00:00:00Z
VEH-00232,Tesla,Hatch-11,2012,HATCH,HATCH,118000,2012,HIGH,ELECTRIC,LOW,4,0.190,LOW,STANDARD,2026-08-01T00:00:00Z
VEH-00233,Toyota,SUV-12,2019,SUV,SUV,30000,2019,MEDIUM,SMALL,MEDIUM,5,0.832,MEDIUM,ELEVATED,2026-08-01T00:00:00Z
VEH-00234,Mazda,Ute-13,2020,UTE,UTE,74000,2020,MEDIUM,MEDIUM,HIGH,3,0.820,HIGH,SPECIALIST,2026-08-01T00:00:00Z
VEH-00235,Ford,Wagon-14,2023,WAGON,WAGON,68000,2023,MEDIUM,LARGE,LOW,2,0.609,LOW,STANDARD,2026-08-01T00:00:00Z
VEH-00236,Hyundai,Sedan-15,2016,SEDAN,SEDAN,32000,2016,MEDIUM,ELECTRIC,MEDIUM,5,0.618,MEDIUM,ELEVATED,2026-08-01T00:00:00Z
VEH-00237,Kia,Hatch-16,2011,HATCH,HATCH,139000,2011,HIGH,SMALL,HIGH,3,0.125,HIGH,SPECIALIST,2026-08-01T00:00:00Z
VEH-00238,Subaru,SUV-17,2017,SUV,SUV,58000,2017,MEDIUM,MEDIUM,LOW,4,0.142,LOW,STANDARD,2026-08-01T00:00:00Z
VEH-00239,Honda,Ute-1,2019,UTE,UTE,119000,2019,HIGH,LARGE,MEDIUM,2,0.443,MEDIUM,ELEVATED,2026-08-01T00:00:00Z
VEH-00240,Tesla,Wagon-2,2007,WAGON,WAGON,64000,2007,MEDIUM,ELECTRIC,HIGH,4,0.768,HIGH,SPECIALIST,2026-08-01T00:00:00Z
VEH-00241,Toyota,Sedan-3,2008,SEDAN,SEDAN,29000,2008,LOW,SMALL,LOW,4,0.537,LOW,STANDARD,2026-08-01T00:00:00Z
VEH-00242,Mazda,Hatch-4,2020,HATCH,HATCH,106000,2020,HIGH,MEDIUM,MEDIUM,2,0.186,MEDIUM,ELEVATED,2026-08-01T00:00:00Z
VEH-00243,Ford,SUV-5,2026,SUV,SUV,52000,2026,MEDIUM,LARGE,HIGH,5,0.568,HIGH,SPECIALIST,2026-08-01T00:00:00Z
VEH-00244,Hyundai,Ute-6,2011,UTE,UTE,135000,2011,HIGH,ELECTRIC,LOW,5,0.797,LOW,STANDARD,2026-08-01T00:00:00Z
VEH-00245,Kia,Wagon-7,2026,WAGON,WAGON,121000,2026,HIGH,SMALL,MEDIUM,2,0.495,MEDIUM,ELEVATED,2026-08-01T00:00:00Z
VEH-00246,Subaru,Sedan-8,2014,SEDAN,SEDAN,131000,2014,HIGH,MEDIUM,HIGH,3,0.210,HIGH,SPECIALIST,2026-08-01T00:00:00Z
VEH-00247,Honda,Hatch-9,2009,HATCH,HATCH,9000,2009,LOW,LARGE,LOW,4,0.281,LOW,STANDARD,2026-08-01T00:00:00Z
VEH-00248,Tesla,SUV-10,2013,SUV,SUV,136000,2013,HIGH,ELECTRIC,MEDIUM,2,0.378,MEDIUM,ELEVATED,2026-08-01T00:00:00Z
VEH-00249,Toyota,Ute-11,2014,UTE,UTE,41000,2014,MEDIUM,SMALL,HIGH,4,0.658,HIGH,SPECIALIST,2026-08-01T00:00:00Z
VEH-00250,Mazda,Wagon-12,2007,WAGON,WAGON,77000,2007,MEDIUM,MEDIUM,LOW,4,0.703,LOW,STANDARD,2026-08-01T00:00:00Z
VEH-00251,Ford,Sedan-13,2019,SEDAN,SEDAN,34000,2019,MEDIUM,LARGE,MEDIUM,5,0.388,MEDIUM,ELEVATED,2026-08-01T00:00:00Z
VEH-00252,Hyundai,Hatch-14,2010,HATCH,HATCH,123000,2010,HIGH,ELECTRIC,HIGH,4,0.893,HIGH,SPECIALIST,2026-08-01T00:00:00Z
VEH-00253,Kia,SUV-15,2008,SUV,SUV,62000,2008,MEDIUM,SMALL,LOW,4,0.624,LOW,STANDARD,2026-08-01T00:00:00Z
VEH-00254,Subaru,Ute-16,2020,UTE,UTE,32000,2020,MEDIUM,MEDIUM,MEDIUM,2,0.412,MEDIUM,ELEVATED,2026-08-01T00:00:00Z
VEH-00255,Honda,Wagon-17,2021,WAGON,WAGON,14000,2021,LOW,LARGE,HIGH,3,0.380,HIGH,SPECIALIST,2026-08-01T00:00:00Z
VEH-00256,Tesla,Sedan-1,2019,SEDAN,SEDAN,114000,2019,HIGH,ELECTRIC,LOW,4,0.103,LOW,STANDARD,2026-08-01T00:00:00Z
VEH-00257,Toyota,Hatch-2,2015,HATCH,HATCH,110000,2015,HIGH,SMALL,MEDIUM,4,0.451,MEDIUM,ELEVATED,2026-08-01T00:00:00Z
VEH-00258,Mazda,SUV-3,2011,SUV,SUV,60000,2011,MEDIUM,MEDIUM,HIGH,5,0.340,HIGH,SPECIALIST,2026-08-01T00:00:00Z
VEH-00259,Ford,Ute-4,2011,UTE,UTE,95000,2011,HIGH,LARGE,LOW,4,0.580,LOW,STANDARD,2026-08-01T00:00:00Z
VEH-00260,Hyundai,Wagon-5,2025,WAGON,WAGON,109000,2025,HIGH,ELECTRIC,MEDIUM,4,0.886,MEDIUM,ELEVATED,2026-08-01T00:00:00Z
VEH-00261,Kia,Sedan-6,2023,SEDAN,SEDAN,128000,2023,HIGH,SMALL,HIGH,3,0.675,HIGH,SPECIALIST,2026-08-01T00:00:00Z
VEH-00262,Subaru,Hatch-7,2016,HATCH,HATCH,129000,2016,HIGH,MEDIUM,LOW,3,0.655,LOW,STANDARD,2026-08-01T00:00:00Z
VEH-00263,Honda,SUV-8,2023,SUV,SUV,104000,2023,HIGH,LARGE,MEDIUM,5,0.389,MEDIUM,ELEVATED,2026-08-01T00:00:00Z
VEH-00264,Tesla,Ute-9,2024,UTE,UTE,59000,2024,MEDIUM,ELECTRIC,HIGH,5,0.245,HIGH,SPECIALIST,2026-08-01T00:00:00Z
VEH-00265,Toyota,Wagon-10,2016,WAGON,WAGON,44000,2016,MEDIUM,SMALL,LOW,2,0.220,LOW,STANDARD,2026-08-01T00:00:00Z
VEH-00266,Mazda,Sedan-11,2015,SEDAN,SEDAN,89000,2015,HIGH,MEDIUM,MEDIUM,2,0.596,MEDIUM,ELEVATED,2026-08-01T00:00:00Z
VEH-00267,Ford,Hatch-12,2017,HATCH,HATCH,29000,2017,LOW,LARGE,HIGH,5,0.072,HIGH,SPECIALIST,2026-08-01T00:00:00Z
VEH-00268,Hyundai,SUV-13,2026,SUV,SUV,115000,2026,HIGH,ELECTRIC,LOW,5,0.779,LOW,STANDARD,2026-08-01T00:00:00Z
VEH-00269,Kia,Ute-14,2019,UTE,UTE,115000,2019,HIGH,SMALL,MEDIUM,3,0.540,MEDIUM,ELEVATED,2026-08-01T00:00:00Z
VEH-00270,Subaru,Wagon-15,2014,WAGON,WAGON,16000,2014,LOW,MEDIUM,HIGH,2,0.515,HIGH,SPECIALIST,2026-08-01T00:00:00Z
VEH-00271,Honda,Sedan-16,2022,SEDAN,SEDAN,69000,2022,MEDIUM,LARGE,LOW,4,0.575,LOW,STANDARD,2026-08-01T00:00:00Z
VEH-00272,Tesla,Hatch-17,2020,HATCH,HATCH,51000,2020,MEDIUM,ELECTRIC,MEDIUM,3,0.507,MEDIUM,ELEVATED,2026-08-01T00:00:00Z
VEH-00273,Toyota,SUV-1,2019,SUV,SUV,138000,2019,HIGH,SMALL,HIGH,5,0.154,HIGH,SPECIALIST,2026-08-01T00:00:00Z
VEH-00274,Mazda,Ute-2,2023,UTE,UTE,45000,2023,MEDIUM,MEDIUM,LOW,4,0.261,LOW,STANDARD,2026-08-01T00:00:00Z
VEH-00275,Ford,Wagon-3,2023,WAGON,WAGON,126000,2023,HIGH,LARGE,MEDIUM,3,0.524,MEDIUM,ELEVATED,2026-08-01T00:00:00Z
VEH-00276,Hyundai,Sedan-4,2017,SEDAN,SEDAN,140000,2017,HIGH,ELECTRIC,HIGH,4,0.523,HIGH,SPECIALIST,2026-08-01T00:00:00Z
VEH-00277,Kia,Hatch-5,2019,HATCH,HATCH,20000,2019,LOW,SMALL,LOW,4,0.089,LOW,STANDARD,2026-08-01T00:00:00Z
VEH-00278,Subaru,SUV-6,2018,SUV,SUV,138000,2018,HIGH,MEDIUM,MEDIUM,5,0.772,MEDIUM,ELEVATED,2026-08-01T00:00:00Z
VEH-00279,Honda,Ute-7,2025,UTE,UTE,29000,2025,LOW,LARGE,HIGH,3,0.213,HIGH,SPECIALIST,2026-08-01T00:00:00Z
VEH-00280,Tesla,Wagon-8,2026,WAGON,WAGON,107000,2026,HIGH,ELECTRIC,LOW,4,0.071,LOW,STANDARD,2026-08-01T00:00:00Z
VEH-00281,Toyota,Sedan-9,2018,SEDAN,SEDAN,22000,2018,LOW,SMALL,MEDIUM,2,0.104,MEDIUM,ELEVATED,2026-08-01T00:00:00Z
VEH-00282,Mazda,Hatch-10,2007,HATCH,HATCH,118000,2007,HIGH,MEDIUM,HIGH,3,0.532,HIGH,SPECIALIST,2026-08-01T00:00:00Z
VEH-00283,Ford,SUV-11,2005,SUV,SUV,64000,2005,MEDIUM,LARGE,LOW,3,0.124,LOW,STANDARD,2026-08-01T00:00:00Z
VEH-00284,Hyundai,Ute-12,2011,UTE,UTE,114000,2011,HIGH,ELECTRIC,MEDIUM,2,0.707,MEDIUM,ELEVATED,2026-08-01T00:00:00Z
VEH-00285,Kia,Wagon-13,2024,WAGON,WAGON,137000,2024,HIGH,SMALL,HIGH,5,0.392,HIGH,SPECIALIST,2026-08-01T00:00:00Z
VEH-00286,Subaru,Sedan-14,2015,SEDAN,SEDAN,138000,2015,HIGH,MEDIUM,LOW,3,0.820,LOW,STANDARD,2026-08-01T00:00:00Z
VEH-00287,Honda,Hatch-15,2006,HATCH,HATCH,100000,2006,HIGH,LARGE,MEDIUM,5,0.745,MEDIUM,ELEVATED,2026-08-01T00:00:00Z
VEH-00288,Tesla,SUV-16,2021,SUV,SUV,31000,2021,MEDIUM,ELECTRIC,HIGH,2,0.251,HIGH,SPECIALIST,2026-08-01T00:00:00Z
VEH-00289,Toyota,Ute-17,2013,UTE,UTE,66000,2013,MEDIUM,SMALL,LOW,4,0.250,LOW,STANDARD,2026-08-01T00:00:00Z
VEH-00290,Mazda,Wagon-1,2019,WAGON,WAGON,140000,2019,HIGH,MEDIUM,MEDIUM,4,0.209,MEDIUM,ELEVATED,2026-08-01T00:00:00Z
VEH-00291,Ford,Sedan-2,2020,SEDAN,SEDAN,49000,2020,MEDIUM,LARGE,HIGH,4,0.835,HIGH,SPECIALIST,2026-08-01T00:00:00Z
VEH-00292,Hyundai,Hatch-3,2019,HATCH,HATCH,50000,2019,MEDIUM,ELECTRIC,LOW,4,0.129,LOW,STANDARD,2026-08-01T00:00:00Z
VEH-00293,Kia,SUV-4,2016,SUV,SUV,130000,2016,HIGH,SMALL,MEDIUM,2,0.387,MEDIUM,ELEVATED,2026-08-01T00:00:00Z
VEH-00294,Subaru,Ute-5,2022,UTE,UTE,26000,2022,LOW,MEDIUM,HIGH,2,0.179,HIGH,SPECIALIST,2026-08-01T00:00:00Z
VEH-00295,Honda,Wagon-6,2016,WAGON,WAGON,120000,2016,HIGH,LARGE,LOW,3,0.741,LOW,STANDARD,2026-08-01T00:00:00Z
VEH-00296,Tesla,Sedan-7,2022,SEDAN,SEDAN,56000,2022,MEDIUM,ELECTRIC,MEDIUM,2,0.050,MEDIUM,ELEVATED,2026-08-01T00:00:00Z
VEH-00297,Toyota,Hatch-8,2024,HATCH,HATCH,96000,2024,HIGH,SMALL,HIGH,2,0.233,HIGH,SPECIALIST,2026-08-01T00:00:00Z
VEH-00298,Mazda,SUV-9,2023,SUV,SUV,92000,2023,HIGH,MEDIUM,LOW,2,0.251,LOW,STANDARD,2026-08-01T00:00:00Z
VEH-00299,Ford,Ute-10,2016,UTE,UTE,30000,2016,MEDIUM,LARGE,MEDIUM,2,0.498,MEDIUM,ELEVATED,2026-08-01T00:00:00Z
VEH-00300,Hyundai,Wagon-11,2011,WAGON,WAGON,27000,2011,LOW,ELECTRIC,HIGH,5,0.465,HIGH,SPECIALIST,2026-08-01T00:00:00Z
VEH-00301,Kia,Sedan-12,2006,SEDAN,SEDAN,32000,2006,MEDIUM,SMALL,LOW,3,0.840,LOW,STANDARD,2026-08-01T00:00:00Z
VEH-00302,Subaru,Hatch-13,2005,HATCH,HATCH,14000,2005,LOW,MEDIUM,MEDIUM,4,0.074,MEDIUM,ELEVATED,2026-08-01T00:00:00Z
VEH-00303,Honda,SUV-14,2013,SUV,SUV,55000,2013,MEDIUM,LARGE,HIGH,2,0.586,HIGH,SPECIALIST,2026-08-01T00:00:00Z
VEH-00304,Tesla,Ute-15,2010,UTE,UTE,102000,2010,HIGH,ELECTRIC,LOW,3,0.787,LOW,STANDARD,2026-08-01T00:00:00Z
VEH-00305,Toyota,Wagon-16,2014,WAGON,WAGON,69000,2014,MEDIUM,SMALL,MEDIUM,3,0.759,MEDIUM,ELEVATED,2026-08-01T00:00:00Z
VEH-00306,Mazda,Sedan-17,2009,SEDAN,SEDAN,30000,2009,MEDIUM,MEDIUM,HIGH,5,0.345,HIGH,SPECIALIST,2026-08-01T00:00:00Z
VEH-00307,Ford,Hatch-1,2005,HATCH,HATCH,65000,2005,MEDIUM,LARGE,LOW,3,0.813,LOW,STANDARD,2026-08-01T00:00:00Z
VEH-00308,Hyundai,SUV-2,2008,SUV,SUV,43000,2008,MEDIUM,ELECTRIC,MEDIUM,5,0.195,MEDIUM,ELEVATED,2026-08-01T00:00:00Z
VEH-00309,Kia,Ute-3,2021,UTE,UTE,32000,2021,MEDIUM,SMALL,HIGH,3,0.091,HIGH,SPECIALIST,2026-08-01T00:00:00Z
VEH-00310,Subaru,Wagon-4,2011,WAGON,WAGON,45000,2011,MEDIUM,MEDIUM,LOW,4,0.337,LOW,STANDARD,2026-08-01T00:00:00Z
VEH-00311,Honda,Sedan-5,2009,SEDAN,SEDAN,136000,2009,HIGH,LARGE,MEDIUM,5,0.117,MEDIUM,ELEVATED,2026-08-01T00:00:00Z
VEH-00312,Tesla,Hatch-6,2024,HATCH,HATCH,61000,2024,MEDIUM,ELECTRIC,HIGH,2,0.415,HIGH,SPECIALIST,2026-08-01T00:00:00Z
VEH-00313,Toyota,SUV-7,2021,SUV,SUV,58000,2021,MEDIUM,SMALL,LOW,4,0.629,LOW,STANDARD,2026-08-01T00:00:00Z
VEH-00314,Mazda,Ute-8,2006,UTE,UTE,76000,2006,MEDIUM,MEDIUM,MEDIUM,4,0.744,MEDIUM,ELEVATED,2026-08-01T00:00:00Z
VEH-00315,Ford,Wagon-9,2025,WAGON,WAGON,12000,2025,LOW,LARGE,HIGH,4,0.478,HIGH,SPECIALIST,2026-08-01T00:00:00Z
VEH-00316,Hyundai,Sedan-10,2023,SEDAN,SEDAN,10000,2023,LOW,ELECTRIC,LOW,2,0.708,LOW,STANDARD,2026-08-01T00:00:00Z
VEH-00317,Kia,Hatch-11,2017,HATCH,HATCH,119000,2017,HIGH,SMALL,MEDIUM,3,0.695,MEDIUM,ELEVATED,2026-08-01T00:00:00Z
VEH-00318,Subaru,SUV-12,2008,SUV,SUV,108000,2008,HIGH,MEDIUM,HIGH,2,0.717,HIGH,SPECIALIST,2026-08-01T00:00:00Z
VEH-00319,Honda,Ute-13,2017,UTE,UTE,108000,2017,HIGH,LARGE,LOW,5,0.161,LOW,STANDARD,2026-08-01T00:00:00Z
VEH-00320,Tesla,Wagon-14,2017,WAGON,WAGON,90000,2017,HIGH,ELECTRIC,MEDIUM,2,0.786,MEDIUM,ELEVATED,2026-08-01T00:00:00Z
VEH-00321,Toyota,Sedan-15,2022,SEDAN,SEDAN,93000,2022,HIGH,SMALL,HIGH,2,0.748,HIGH,SPECIALIST,2026-08-01T00:00:00Z
VEH-00322,Mazda,Hatch-16,2022,HATCH,HATCH,35000,2022,MEDIUM,MEDIUM,LOW,3,0.691,LOW,STANDARD,2026-08-01T00:00:00Z
VEH-00323,Ford,SUV-17,2014,SUV,SUV,48000,2014,MEDIUM,LARGE,MEDIUM,2,0.666,MEDIUM,ELEVATED,2026-08-01T00:00:00Z
VEH-00324,Hyundai,Ute-1,2021,UTE,UTE,135000,2021,HIGH,ELECTRIC,HIGH,3,0.770,HIGH,SPECIALIST,2026-08-01T00:00:00Z
VEH-00325,Kia,Wagon-2,2013,WAGON,WAGON,113000,2013,HIGH,SMALL,LOW,5,0.858,LOW,STANDARD,2026-08-01T00:00:00Z
VEH-00326,Subaru,Sedan-3,2017,SEDAN,SEDAN,52000,2017,MEDIUM,MEDIUM,MEDIUM,5,0.790,MEDIUM,ELEVATED,2026-08-01T00:00:00Z
VEH-00327,Honda,Hatch-4,2005,HATCH,HATCH,90000,2005,HIGH,LARGE,HIGH,5,0.725,HIGH,SPECIALIST,2026-08-01T00:00:00Z
VEH-00328,Tesla,SUV-5,2013,SUV,SUV,77000,2013,MEDIUM,ELECTRIC,LOW,4,0.152,LOW,STANDARD,2026-08-01T00:00:00Z
VEH-00329,Toyota,Ute-6,2022,UTE,UTE,105000,2022,HIGH,SMALL,MEDIUM,4,0.386,MEDIUM,ELEVATED,2026-08-01T00:00:00Z
VEH-00330,Mazda,Wagon-7,2017,WAGON,WAGON,19000,2017,LOW,MEDIUM,HIGH,2,0.879,HIGH,SPECIALIST,2026-08-01T00:00:00Z
VEH-00331,Ford,Sedan-8,2010,SEDAN,SEDAN,127000,2010,HIGH,LARGE,LOW,2,0.379,LOW,STANDARD,2026-08-01T00:00:00Z
VEH-00332,Hyundai,Hatch-9,2022,HATCH,HATCH,56000,2022,MEDIUM,ELECTRIC,MEDIUM,5,0.668,MEDIUM,ELEVATED,2026-08-01T00:00:00Z
VEH-00333,Kia,SUV-10,2012,SUV,SUV,127000,2012,HIGH,SMALL,HIGH,5,0.506,HIGH,SPECIALIST,2026-08-01T00:00:00Z
VEH-00334,Subaru,Ute-11,2010,UTE,UTE,105000,2010,HIGH,MEDIUM,LOW,4,0.536,LOW,STANDARD,2026-08-01T00:00:00Z
VEH-00335,Honda,Wagon-12,2007,WAGON,WAGON,15000,2007,LOW,LARGE,MEDIUM,5,0.487,MEDIUM,ELEVATED,2026-08-01T00:00:00Z
VEH-00336,Tesla,Sedan-13,2014,SEDAN,SEDAN,100000,2014,HIGH,ELECTRIC,HIGH,3,0.450,HIGH,SPECIALIST,2026-08-01T00:00:00Z
VEH-00337,Toyota,Hatch-14,2021,HATCH,HATCH,113000,2021,HIGH,SMALL,LOW,3,0.153,LOW,STANDARD,2026-08-01T00:00:00Z
VEH-00338,Mazda,SUV-15,2015,SUV,SUV,101000,2015,HIGH,MEDIUM,MEDIUM,5,0.699,MEDIUM,ELEVATED,2026-08-01T00:00:00Z
VEH-00339,Ford,Ute-16,2020,UTE,UTE,15000,2020,LOW,LARGE,HIGH,2,0.841,HIGH,SPECIALIST,2026-08-01T00:00:00Z
VEH-00340,Hyundai,Wagon-17,2006,WAGON,WAGON,32000,2006,MEDIUM,ELECTRIC,LOW,4,0.288,LOW,STANDARD,2026-08-01T00:00:00Z
VEH-00341,Kia,Sedan-1,2022,SEDAN,SEDAN,81000,2022,HIGH,SMALL,MEDIUM,4,0.275,MEDIUM,ELEVATED,2026-08-01T00:00:00Z
VEH-00342,Subaru,Hatch-2,2009,HATCH,HATCH,75000,2009,MEDIUM,MEDIUM,HIGH,3,0.650,HIGH,SPECIALIST,2026-08-01T00:00:00Z
VEH-00343,Honda,SUV-3,2011,SUV,SUV,59000,2011,MEDIUM,LARGE,LOW,3,0.395,LOW,STANDARD,2026-08-01T00:00:00Z
VEH-00344,Tesla,Ute-4,2026,UTE,UTE,25000,2026,LOW,ELECTRIC,MEDIUM,3,0.756,MEDIUM,ELEVATED,2026-08-01T00:00:00Z
VEH-00345,Toyota,Wagon-5,2005,WAGON,WAGON,128000,2005,HIGH,SMALL,HIGH,3,0.080,HIGH,SPECIALIST,2026-08-01T00:00:00Z
VEH-00346,Mazda,Sedan-6,2022,SEDAN,SEDAN,51000,2022,MEDIUM,MEDIUM,LOW,2,0.172,LOW,STANDARD,2026-08-01T00:00:00Z
VEH-00347,Ford,Hatch-7,2017,HATCH,HATCH,69000,2017,MEDIUM,LARGE,MEDIUM,4,0.353,MEDIUM,ELEVATED,2026-08-01T00:00:00Z
VEH-00348,Hyundai,SUV-8,2015,SUV,SUV,38000,2015,MEDIUM,ELECTRIC,HIGH,2,0.145,HIGH,SPECIALIST,2026-08-01T00:00:00Z
VEH-00349,Kia,Ute-9,2021,UTE,UTE,98000,2021,HIGH,SMALL,LOW,3,0.142,LOW,STANDARD,2026-08-01T00:00:00Z
VEH-00350,Subaru,Wagon-10,2019,WAGON,WAGON,42000,2019,MEDIUM,MEDIUM,MEDIUM,4,0.486,MEDIUM,ELEVATED,2026-08-01T00:00:00Z
VEH-00351,Honda,Sedan-11,2023,SEDAN,SEDAN,29000,2023,LOW,LARGE,HIGH,3,0.080,HIGH,SPECIALIST,2026-08-01T00:00:00Z
VEH-00352,Tesla,Hatch-12,2026,HATCH,HATCH,120000,2026,HIGH,ELECTRIC,LOW,4,0.832,LOW,STANDARD,2026-08-01T00:00:00Z
VEH-00353,Toyota,SUV-13,2026,SUV,SUV,64000,2026,MEDIUM,SMALL,MEDIUM,5,0.272,MEDIUM,ELEVATED,2026-08-01T00:00:00Z
VEH-00354,Mazda,Ute-14,2009,UTE,UTE,114000,2009,HIGH,MEDIUM,HIGH,4,0.606,HIGH,SPECIALIST,2026-08-01T00:00:00Z
VEH-00355,Ford,Wagon-15,2011,WAGON,WAGON,55000,2011,MEDIUM,LARGE,LOW,3,0.068,LOW,STANDARD,2026-08-01T00:00:00Z
VEH-00356,Hyundai,Sedan-16,2021,SEDAN,SEDAN,55000,2021,MEDIUM,ELECTRIC,MEDIUM,4,0.546,MEDIUM,ELEVATED,2026-08-01T00:00:00Z
VEH-00357,Kia,Hatch-17,2010,HATCH,HATCH,11000,2010,LOW,SMALL,HIGH,3,0.385,HIGH,SPECIALIST,2026-08-01T00:00:00Z
VEH-00358,Subaru,SUV-1,2020,SUV,SUV,77000,2020,MEDIUM,MEDIUM,LOW,4,0.318,LOW,STANDARD,2026-08-01T00:00:00Z
VEH-00359,Honda,Ute-2,2013,UTE,UTE,69000,2013,MEDIUM,LARGE,MEDIUM,2,0.704,MEDIUM,ELEVATED,2026-08-01T00:00:00Z
VEH-00360,Tesla,Wagon-3,2009,WAGON,WAGON,31000,2009,MEDIUM,ELECTRIC,HIGH,4,0.060,HIGH,SPECIALIST,2026-08-01T00:00:00Z
VEH-00361,Toyota,Sedan-4,2012,SEDAN,SEDAN,50000,2012,MEDIUM,SMALL,LOW,2,0.894,LOW,STANDARD,2026-08-01T00:00:00Z
VEH-00362,Mazda,Hatch-5,2016,HATCH,HATCH,133000,2016,HIGH,MEDIUM,MEDIUM,2,0.410,MEDIUM,ELEVATED,2026-08-01T00:00:00Z
VEH-00363,Ford,SUV-6,2022,SUV,SUV,129000,2022,HIGH,LARGE,HIGH,5,0.440,HIGH,SPECIALIST,2026-08-01T00:00:00Z
VEH-00364,Hyundai,Ute-7,2020,UTE,UTE,38000,2020,MEDIUM,ELECTRIC,LOW,5,0.591,LOW,STANDARD,2026-08-01T00:00:00Z
VEH-00365,Kia,Wagon-8,2009,WAGON,WAGON,76000,2009,MEDIUM,SMALL,MEDIUM,2,0.554,MEDIUM,ELEVATED,2026-08-01T00:00:00Z
VEH-00366,Subaru,Sedan-9,2018,SEDAN,SEDAN,94000,2018,HIGH,MEDIUM,HIGH,5,0.231,HIGH,SPECIALIST,2026-08-01T00:00:00Z
VEH-00367,Honda,Hatch-10,2026,HATCH,HATCH,93000,2026,HIGH,LARGE,LOW,4,0.567,LOW,STANDARD,2026-08-01T00:00:00Z
VEH-00368,Tesla,SUV-11,2016,SUV,SUV,52000,2016,MEDIUM,ELECTRIC,MEDIUM,3,0.742,MEDIUM,ELEVATED,2026-08-01T00:00:00Z
VEH-00369,Toyota,Ute-12,2015,UTE,UTE,129000,2015,HIGH,SMALL,HIGH,4,0.053,HIGH,SPECIALIST,2026-08-01T00:00:00Z
VEH-00370,Mazda,Wagon-13,2022,WAGON,WAGON,23000,2022,LOW,MEDIUM,LOW,5,0.494,LOW,STANDARD,2026-08-01T00:00:00Z
VEH-00371,Ford,Sedan-14,2011,SEDAN,SEDAN,39000,2011,MEDIUM,LARGE,MEDIUM,3,0.722,MEDIUM,ELEVATED,2026-08-01T00:00:00Z
VEH-00372,Hyundai,Hatch-15,2020,HATCH,HATCH,110000,2020,HIGH,ELECTRIC,HIGH,3,0.867,HIGH,SPECIALIST,2026-08-01T00:00:00Z
VEH-00373,Kia,SUV-16,2015,SUV,SUV,73000,2015,MEDIUM,SMALL,LOW,4,0.194,LOW,STANDARD,2026-08-01T00:00:00Z
VEH-00374,Subaru,Ute-17,2012,UTE,UTE,119000,2012,HIGH,MEDIUM,MEDIUM,3,0.054,MEDIUM,ELEVATED,2026-08-01T00:00:00Z
VEH-00375,Honda,Wagon-1,2007,WAGON,WAGON,14000,2007,LOW,LARGE,HIGH,3,0.647,HIGH,SPECIALIST,2026-08-01T00:00:00Z
VEH-00376,Tesla,Sedan-2,2008,SEDAN,SEDAN,129000,2008,HIGH,ELECTRIC,LOW,3,0.643,LOW,STANDARD,2026-08-01T00:00:00Z
VEH-00377,Toyota,Hatch-3,2011,HATCH,HATCH,76000,2011,MEDIUM,SMALL,MEDIUM,4,0.132,MEDIUM,ELEVATED,2026-08-01T00:00:00Z
VEH-00378,Mazda,SUV-4,2015,SUV,SUV,133000,2015,HIGH,MEDIUM,HIGH,5,0.814,HIGH,SPECIALIST,2026-08-01T00:00:00Z
VEH-00379,Ford,Ute-5,2020,UTE,UTE,82000,2020,HIGH,LARGE,LOW,5,0.486,LOW,STANDARD,2026-08-01T00:00:00Z
VEH-00380,Hyundai,Wagon-6,2022,WAGON,WAGON,34000,2022,MEDIUM,ELECTRIC,MEDIUM,4,0.095,MEDIUM,ELEVATED,2026-08-01T00:00:00Z
VEH-00381,Kia,Sedan-7,2016,SEDAN,SEDAN,69000,2016,MEDIUM,SMALL,HIGH,3,0.590,HIGH,SPECIALIST,2026-08-01T00:00:00Z
VEH-00382,Subaru,Hatch-8,2012,HATCH,HATCH,28000,2012,LOW,MEDIUM,LOW,2,0.766,LOW,STANDARD,2026-08-01T00:00:00Z
VEH-00383,Honda,SUV-9,2020,SUV,SUV,57000,2020,MEDIUM,LARGE,MEDIUM,2,0.830,MEDIUM,ELEVATED,2026-08-01T00:00:00Z
VEH-00384,Tesla,Ute-10,2005,UTE,UTE,64000,2005,MEDIUM,ELECTRIC,HIGH,2,0.564,HIGH,SPECIALIST,2026-08-01T00:00:00Z
VEH-00385,Toyota,Wagon-11,2022,WAGON,WAGON,34000,2022,MEDIUM,SMALL,LOW,5,0.175,LOW,STANDARD,2026-08-01T00:00:00Z
VEH-00386,Mazda,Sedan-12,2007,SEDAN,SEDAN,108000,2007,HIGH,MEDIUM,MEDIUM,4,0.275,MEDIUM,ELEVATED,2026-08-01T00:00:00Z
VEH-00387,Ford,Hatch-13,2006,HATCH,HATCH,11000,2006,LOW,LARGE,HIGH,5,0.482,HIGH,SPECIALIST,2026-08-01T00:00:00Z
VEH-00388,Hyundai,SUV-14,2014,SUV,SUV,21000,2014,LOW,ELECTRIC,LOW,2,0.110,LOW,STANDARD,2026-08-01T00:00:00Z
VEH-00389,Kia,Ute-15,2017,UTE,UTE,63000,2017,MEDIUM,SMALL,MEDIUM,4,0.838,MEDIUM,ELEVATED,2026-08-01T00:00:00Z
VEH-00390,Subaru,Wagon-16,2023,WAGON,WAGON,27000,2023,LOW,MEDIUM,HIGH,5,0.164,HIGH,SPECIALIST,2026-08-01T00:00:00Z
VEH-00391,Honda,Sedan-17,2009,SEDAN,SEDAN,49000,2009,MEDIUM,LARGE,LOW,3,0.128,LOW,STANDARD,2026-08-01T00:00:00Z
VEH-00392,Tesla,Hatch-1,2024,HATCH,HATCH,18000,2024,LOW,ELECTRIC,MEDIUM,2,0.127,MEDIUM,ELEVATED,2026-08-01T00:00:00Z
VEH-00393,Toyota,SUV-2,2006,SUV,SUV,127000,2006,HIGH,SMALL,HIGH,3,0.062,HIGH,SPECIALIST,2026-08-01T00:00:00Z
VEH-00394,Mazda,Ute-3,2020,UTE,UTE,128000,2020,HIGH,MEDIUM,LOW,5,0.402,LOW,STANDARD,2026-08-01T00:00:00Z
VEH-00395,Ford,Wagon-4,2005,WAGON,WAGON,91000,2005,HIGH,LARGE,MEDIUM,5,0.095,MEDIUM,ELEVATED,2026-08-01T00:00:00Z
VEH-00396,Hyundai,Sedan-5,2019,SEDAN,SEDAN,73000,2019,MEDIUM,ELECTRIC,HIGH,5,0.497,HIGH,SPECIALIST,2026-08-01T00:00:00Z
VEH-00397,Kia,Hatch-6,2007,HATCH,HATCH,21000,2007,LOW,SMALL,LOW,2,0.051,LOW,STANDARD,2026-08-01T00:00:00Z
VEH-00398,Subaru,SUV-7,2016,SUV,SUV,84000,2016,HIGH,MEDIUM,MEDIUM,2,0.831,MEDIUM,ELEVATED,2026-08-01T00:00:00Z
VEH-00399,Honda,Ute-8,2008,UTE,UTE,114000,2008,HIGH,LARGE,HIGH,4,0.520,HIGH,SPECIALIST,2026-08-01T00:00:00Z
VEH-00400,Tesla,Wagon-9,2022,WAGON,WAGON,29000,2022,LOW,ELECTRIC,LOW,3,0.365,LOW,STANDARD,2026-08-01T00:00:00Z
VEH-00401,Toyota,Sedan-10,2008,SEDAN,SEDAN,117000,2008,HIGH,SMALL,MEDIUM,2,0.853,MEDIUM,ELEVATED,2026-08-01T00:00:00Z
VEH-00402,Mazda,Hatch-11,2005,HATCH,HATCH,91000,2005,HIGH,MEDIUM,HIGH,5,0.559,HIGH,SPECIALIST,2026-08-01T00:00:00Z
VEH-00403,Ford,SUV-12,2010,SUV,SUV,37000,2010,MEDIUM,LARGE,LOW,5,0.722,LOW,STANDARD,2026-08-01T00:00:00Z
VEH-00404,Hyundai,Ute-13,2013,UTE,UTE,95000,2013,HIGH,ELECTRIC,MEDIUM,5,0.507,MEDIUM,ELEVATED,2026-08-01T00:00:00Z
VEH-00405,Kia,Wagon-14,2012,WAGON,WAGON,79000,2012,MEDIUM,SMALL,HIGH,2,0.798,HIGH,SPECIALIST,2026-08-01T00:00:00Z
VEH-00406,Subaru,Sedan-15,2015,SEDAN,SEDAN,103000,2015,HIGH,MEDIUM,LOW,5,0.658,LOW,STANDARD,2026-08-01T00:00:00Z
VEH-00407,Honda,Hatch-16,2021,HATCH,HATCH,135000,2021,HIGH,LARGE,MEDIUM,3,0.212,MEDIUM,ELEVATED,2026-08-01T00:00:00Z
VEH-00408,Tesla,SUV-17,2024,SUV,SUV,11000,2024,LOW,ELECTRIC,HIGH,2,0.563,HIGH,SPECIALIST,2026-08-01T00:00:00Z
VEH-00409,Toyota,Ute-1,2017,UTE,UTE,44000,2017,MEDIUM,SMALL,LOW,3,0.841,LOW,STANDARD,2026-08-01T00:00:00Z
VEH-00410,Mazda,Wagon-2,2009,WAGON,WAGON,60000,2009,MEDIUM,MEDIUM,MEDIUM,3,0.348,MEDIUM,ELEVATED,2026-08-01T00:00:00Z
VEH-00411,Ford,Sedan-3,2025,SEDAN,SEDAN,59000,2025,MEDIUM,LARGE,HIGH,5,0.891,HIGH,SPECIALIST,2026-08-01T00:00:00Z
VEH-00412,Hyundai,Hatch-4,2010,HATCH,HATCH,25000,2010,LOW,ELECTRIC,LOW,2,0.535,LOW,STANDARD,2026-08-01T00:00:00Z
VEH-00413,Kia,SUV-5,2012,SUV,SUV,87000,2012,HIGH,SMALL,MEDIUM,3,0.196,MEDIUM,ELEVATED,2026-08-01T00:00:00Z
VEH-00414,Subaru,Ute-6,2010,UTE,UTE,98000,2010,HIGH,MEDIUM,HIGH,2,0.385,HIGH,SPECIALIST,2026-08-01T00:00:00Z
VEH-00415,Honda,Wagon-7,2017,WAGON,WAGON,61000,2017,MEDIUM,LARGE,LOW,5,0.690,LOW,STANDARD,2026-08-01T00:00:00Z
VEH-00416,Tesla,Sedan-8,2016,SEDAN,SEDAN,87000,2016,HIGH,ELECTRIC,MEDIUM,3,0.509,MEDIUM,ELEVATED,2026-08-01T00:00:00Z
VEH-00417,Toyota,Hatch-9,2011,HATCH,HATCH,70000,2011,MEDIUM,SMALL,HIGH,3,0.388,HIGH,SPECIALIST,2026-08-01T00:00:00Z
VEH-00418,Mazda,SUV-10,2013,SUV,SUV,68000,2013,MEDIUM,MEDIUM,LOW,2,0.590,LOW,STANDARD,2026-08-01T00:00:00Z
VEH-00419,Ford,Ute-11,2020,UTE,UTE,19000,2020,LOW,LARGE,MEDIUM,4,0.713,MEDIUM,ELEVATED,2026-08-01T00:00:00Z
VEH-00420,Hyundai,Wagon-12,2013,WAGON,WAGON,32000,2013,MEDIUM,ELECTRIC,HIGH,4,0.060,HIGH,SPECIALIST,2026-08-01T00:00:00Z
VEH-00421,Kia,Sedan-13,2024,SEDAN,SEDAN,8000,2024,LOW,SMALL,LOW,4,0.819,LOW,STANDARD,2026-08-01T00:00:00Z
VEH-00422,Subaru,Hatch-14,2005,HATCH,HATCH,50000,2005,MEDIUM,MEDIUM,MEDIUM,3,0.895,MEDIUM,ELEVATED,2026-08-01T00:00:00Z
VEH-00423,Honda,SUV-15,2025,SUV,SUV,53000,2025,MEDIUM,LARGE,HIGH,4,0.821,HIGH,SPECIALIST,2026-08-01T00:00:00Z
VEH-00424,Tesla,Ute-16,2023,UTE,UTE,37000,2023,MEDIUM,ELECTRIC,LOW,2,0.202,LOW,STANDARD,2026-08-01T00:00:00Z
VEH-00425,Toyota,Wagon-17,2026,WAGON,WAGON,92000,2026,HIGH,SMALL,MEDIUM,2,0.357,MEDIUM,ELEVATED,2026-08-01T00:00:00Z
VEH-00426,Mazda,Sedan-1,2006,SEDAN,SEDAN,37000,2006,MEDIUM,MEDIUM,HIGH,4,0.508,HIGH,SPECIALIST,2026-08-01T00:00:00Z
VEH-00427,Ford,Hatch-2,2024,HATCH,HATCH,127000,2024,HIGH,LARGE,LOW,3,0.500,LOW,STANDARD,2026-08-01T00:00:00Z
VEH-00428,Hyundai,SUV-3,2005,SUV,SUV,108000,2005,HIGH,ELECTRIC,MEDIUM,3,0.063,MEDIUM,ELEVATED,2026-08-01T00:00:00Z
VEH-00429,Kia,Ute-4,2005,UTE,UTE,101000,2005,HIGH,SMALL,HIGH,3,0.757,HIGH,SPECIALIST,2026-08-01T00:00:00Z
VEH-00430,Subaru,Wagon-5,2024,WAGON,WAGON,55000,2024,MEDIUM,MEDIUM,LOW,3,0.076,LOW,STANDARD,2026-08-01T00:00:00Z
VEH-00431,Honda,Sedan-6,2010,SEDAN,SEDAN,115000,2010,HIGH,LARGE,MEDIUM,4,0.632,MEDIUM,ELEVATED,2026-08-01T00:00:00Z
VEH-00432,Tesla,Hatch-7,2017,HATCH,HATCH,108000,2017,HIGH,ELECTRIC,HIGH,4,0.234,HIGH,SPECIALIST,2026-08-01T00:00:00Z
VEH-00433,Toyota,SUV-8,2016,SUV,SUV,47000,2016,MEDIUM,SMALL,LOW,2,0.351,LOW,STANDARD,2026-08-01T00:00:00Z
VEH-00434,Mazda,Ute-9,2018,UTE,UTE,131000,2018,HIGH,MEDIUM,MEDIUM,3,0.220,MEDIUM,ELEVATED,2026-08-01T00:00:00Z
VEH-00435,Ford,Wagon-10,2017,WAGON,WAGON,49000,2017,MEDIUM,LARGE,HIGH,4,0.399,HIGH,SPECIALIST,2026-08-01T00:00:00Z
VEH-00436,Hyundai,Sedan-11,2009,SEDAN,SEDAN,133000,2009,HIGH,ELECTRIC,LOW,2,0.326,LOW,STANDARD,2026-08-01T00:00:00Z
VEH-00437,Kia,Hatch-12,2022,HATCH,HATCH,129000,2022,HIGH,SMALL,MEDIUM,3,0.380,MEDIUM,ELEVATED,2026-08-01T00:00:00Z
VEH-00438,Subaru,SUV-13,2008,SUV,SUV,57000,2008,MEDIUM,MEDIUM,HIGH,3,0.158,HIGH,SPECIALIST,2026-08-01T00:00:00Z
VEH-00439,Honda,Ute-14,2013,UTE,UTE,61000,2013,MEDIUM,LARGE,LOW,4,0.451,LOW,STANDARD,2026-08-01T00:00:00Z
VEH-00440,Tesla,Wagon-15,2020,WAGON,WAGON,19000,2020,LOW,ELECTRIC,MEDIUM,3,0.185,MEDIUM,ELEVATED,2026-08-01T00:00:00Z
VEH-00441,Toyota,Sedan-16,2011,SEDAN,SEDAN,53000,2011,MEDIUM,SMALL,HIGH,4,0.310,HIGH,SPECIALIST,2026-08-01T00:00:00Z
VEH-00442,Mazda,Hatch-17,2006,HATCH,HATCH,126000,2006,HIGH,MEDIUM,LOW,2,0.576,LOW,STANDARD,2026-08-01T00:00:00Z
VEH-00443,Ford,SUV-1,2009,SUV,SUV,76000,2009,MEDIUM,LARGE,MEDIUM,5,0.376,MEDIUM,ELEVATED,2026-08-01T00:00:00Z
VEH-00444,Hyundai,Ute-2,2011,UTE,UTE,59000,2011,MEDIUM,ELECTRIC,HIGH,4,0.104,HIGH,SPECIALIST,2026-08-01T00:00:00Z
VEH-00445,Kia,Wagon-3,2009,WAGON,WAGON,12000,2009,LOW,SMALL,LOW,5,0.348,LOW,STANDARD,2026-08-01T00:00:00Z
VEH-00446,Subaru,Sedan-4,2009,SEDAN,SEDAN,83000,2009,HIGH,MEDIUM,MEDIUM,4,0.752,MEDIUM,ELEVATED,2026-08-01T00:00:00Z
VEH-00447,Honda,Hatch-5,2025,HATCH,HATCH,135000,2025,HIGH,LARGE,HIGH,2,0.659,HIGH,SPECIALIST,2026-08-01T00:00:00Z
VEH-00448,Tesla,SUV-6,2023,SUV,SUV,12000,2023,LOW,ELECTRIC,LOW,3,0.172,LOW,STANDARD,2026-08-01T00:00:00Z
VEH-00449,Toyota,Ute-7,2013,UTE,UTE,95000,2013,HIGH,SMALL,MEDIUM,4,0.710,MEDIUM,ELEVATED,2026-08-01T00:00:00Z
VEH-00450,Mazda,Wagon-8,2024,WAGON,WAGON,125000,2024,HIGH,MEDIUM,HIGH,2,0.252,HIGH,SPECIALIST,2026-08-01T00:00:00Z
VEH-00451,Ford,Sedan-9,2010,SEDAN,SEDAN,27000,2010,LOW,LARGE,LOW,3,0.274,LOW,STANDARD,2026-08-01T00:00:00Z
VEH-00452,Hyundai,Hatch-10,2017,HATCH,HATCH,20000,2017,LOW,ELECTRIC,MEDIUM,3,0.462,MEDIUM,ELEVATED,2026-08-01T00:00:00Z
VEH-00453,Kia,SUV-11,2018,SUV,SUV,122000,2018,HIGH,SMALL,HIGH,2,0.781,HIGH,SPECIALIST,2026-08-01T00:00:00Z
VEH-00454,Subaru,Ute-12,2009,UTE,UTE,66000,2009,MEDIUM,MEDIUM,LOW,3,0.204,LOW,STANDARD,2026-08-01T00:00:00Z
VEH-00455,Honda,Wagon-13,2026,WAGON,WAGON,140000,2026,HIGH,LARGE,MEDIUM,3,0.261,MEDIUM,ELEVATED,2026-08-01T00:00:00Z
VEH-00456,Tesla,Sedan-14,2005,SEDAN,SEDAN,68000,2005,MEDIUM,ELECTRIC,HIGH,2,0.598,HIGH,SPECIALIST,2026-08-01T00:00:00Z
VEH-00457,Toyota,Hatch-15,2005,HATCH,HATCH,92000,2005,HIGH,SMALL,LOW,3,0.883,LOW,STANDARD,2026-08-01T00:00:00Z
VEH-00458,Mazda,SUV-16,2020,SUV,SUV,90000,2020,HIGH,MEDIUM,MEDIUM,5,0.757,MEDIUM,ELEVATED,2026-08-01T00:00:00Z
VEH-00459,Ford,Ute-17,2015,UTE,UTE,57000,2015,MEDIUM,LARGE,HIGH,3,0.529,HIGH,SPECIALIST,2026-08-01T00:00:00Z
VEH-00460,Hyundai,Wagon-1,2007,WAGON,WAGON,110000,2007,HIGH,ELECTRIC,LOW,4,0.671,LOW,STANDARD,2026-08-01T00:00:00Z
VEH-00461,Kia,Sedan-2,2009,SEDAN,SEDAN,89000,2009,HIGH,SMALL,MEDIUM,5,0.765,MEDIUM,ELEVATED,2026-08-01T00:00:00Z
VEH-00462,Subaru,Hatch-3,2007,HATCH,HATCH,117000,2007,HIGH,MEDIUM,HIGH,4,0.734,HIGH,SPECIALIST,2026-08-01T00:00:00Z
VEH-00463,Honda,SUV-4,2007,SUV,SUV,113000,2007,HIGH,LARGE,LOW,4,0.562,LOW,STANDARD,2026-08-01T00:00:00Z
VEH-00464,Tesla,Ute-5,2008,UTE,UTE,103000,2008,HIGH,ELECTRIC,MEDIUM,4,0.762,MEDIUM,ELEVATED,2026-08-01T00:00:00Z
VEH-00465,Toyota,Wagon-6,2016,WAGON,WAGON,18000,2016,LOW,SMALL,HIGH,3,0.505,HIGH,SPECIALIST,2026-08-01T00:00:00Z
VEH-00466,Mazda,Sedan-7,2022,SEDAN,SEDAN,80000,2022,HIGH,MEDIUM,LOW,4,0.504,LOW,STANDARD,2026-08-01T00:00:00Z
VEH-00467,Ford,Hatch-8,2012,HATCH,HATCH,81000,2012,HIGH,LARGE,MEDIUM,2,0.294,MEDIUM,ELEVATED,2026-08-01T00:00:00Z
VEH-00468,Hyundai,SUV-9,2015,SUV,SUV,122000,2015,HIGH,ELECTRIC,HIGH,2,0.170,HIGH,SPECIALIST,2026-08-01T00:00:00Z
VEH-00469,Kia,Ute-10,2012,UTE,UTE,38000,2012,MEDIUM,SMALL,LOW,4,0.093,LOW,STANDARD,2026-08-01T00:00:00Z
VEH-00470,Subaru,Wagon-11,2021,WAGON,WAGON,52000,2021,MEDIUM,MEDIUM,MEDIUM,5,0.128,MEDIUM,ELEVATED,2026-08-01T00:00:00Z
VEH-00471,Honda,Sedan-12,2019,SEDAN,SEDAN,85000,2019,HIGH,LARGE,HIGH,3,0.172,HIGH,SPECIALIST,2026-08-01T00:00:00Z
VEH-00472,Tesla,Hatch-13,2026,HATCH,HATCH,99000,2026,HIGH,ELECTRIC,LOW,3,0.883,LOW,STANDARD,2026-08-01T00:00:00Z
VEH-00473,Toyota,SUV-14,2023,SUV,SUV,132000,2023,HIGH,SMALL,MEDIUM,2,0.794,MEDIUM,ELEVATED,2026-08-01T00:00:00Z
VEH-00474,Mazda,Ute-15,2016,UTE,UTE,50000,2016,MEDIUM,MEDIUM,HIGH,2,0.712,HIGH,SPECIALIST,2026-08-01T00:00:00Z
VEH-00475,Ford,Wagon-16,2007,WAGON,WAGON,110000,2007,HIGH,LARGE,LOW,4,0.475,LOW,STANDARD,2026-08-01T00:00:00Z
VEH-00476,Hyundai,Sedan-17,2007,SEDAN,SEDAN,58000,2007,MEDIUM,ELECTRIC,MEDIUM,2,0.267,MEDIUM,ELEVATED,2026-08-01T00:00:00Z
VEH-00477,Kia,Hatch-1,2009,HATCH,HATCH,76000,2009,MEDIUM,SMALL,HIGH,5,0.853,HIGH,SPECIALIST,2026-08-01T00:00:00Z
VEH-00478,Subaru,SUV-2,2013,SUV,SUV,93000,2013,HIGH,MEDIUM,LOW,3,0.627,LOW,STANDARD,2026-08-01T00:00:00Z
VEH-00479,Honda,Ute-3,2007,UTE,UTE,17000,2007,LOW,LARGE,MEDIUM,5,0.450,MEDIUM,ELEVATED,2026-08-01T00:00:00Z
VEH-00480,Tesla,Wagon-4,2025,WAGON,WAGON,77000,2025,MEDIUM,ELECTRIC,HIGH,2,0.862,HIGH,SPECIALIST,2026-08-01T00:00:00Z
VEH-00481,Toyota,Sedan-5,2010,SEDAN,SEDAN,57000,2010,MEDIUM,SMALL,LOW,4,0.479,LOW,STANDARD,2026-08-01T00:00:00Z
VEH-00482,Mazda,Hatch-6,2011,HATCH,HATCH,62000,2011,MEDIUM,MEDIUM,MEDIUM,2,0.334,MEDIUM,ELEVATED,2026-08-01T00:00:00Z
VEH-00483,Ford,SUV-7,2006,SUV,SUV,33000,2006,MEDIUM,LARGE,HIGH,4,0.109,HIGH,SPECIALIST,2026-08-01T00:00:00Z
VEH-00484,Hyundai,Ute-8,2017,UTE,UTE,35000,2017,MEDIUM,ELECTRIC,LOW,5,0.205,LOW,STANDARD,2026-08-01T00:00:00Z
VEH-00485,Kia,Wagon-9,2024,WAGON,WAGON,22000,2024,LOW,SMALL,MEDIUM,3,0.462,MEDIUM,ELEVATED,2026-08-01T00:00:00Z
VEH-00486,Subaru,Sedan-10,2018,SEDAN,SEDAN,27000,2018,LOW,MEDIUM,HIGH,3,0.304,HIGH,SPECIALIST,2026-08-01T00:00:00Z
VEH-00487,Honda,Hatch-11,2015,HATCH,HATCH,94000,2015,HIGH,LARGE,LOW,4,0.645,LOW,STANDARD,2026-08-01T00:00:00Z
VEH-00488,Tesla,SUV-12,2010,SUV,SUV,105000,2010,HIGH,ELECTRIC,MEDIUM,3,0.394,MEDIUM,ELEVATED,2026-08-01T00:00:00Z
VEH-00489,Toyota,Ute-13,2021,UTE,UTE,128000,2021,HIGH,SMALL,HIGH,3,0.639,HIGH,SPECIALIST,2026-08-01T00:00:00Z
VEH-00490,Mazda,Wagon-14,2022,WAGON,WAGON,132000,2022,HIGH,MEDIUM,LOW,4,0.617,LOW,STANDARD,2026-08-01T00:00:00Z
VEH-00491,Ford,Sedan-15,2015,SEDAN,SEDAN,106000,2015,HIGH,LARGE,MEDIUM,4,0.606,MEDIUM,ELEVATED,2026-08-01T00:00:00Z
VEH-00492,Hyundai,Hatch-16,2015,HATCH,HATCH,19000,2015,LOW,ELECTRIC,HIGH,4,0.275,HIGH,SPECIALIST,2026-08-01T00:00:00Z
VEH-00493,Kia,SUV-17,2021,SUV,SUV,34000,2021,MEDIUM,SMALL,LOW,2,0.249,LOW,STANDARD,2026-08-01T00:00:00Z
VEH-00494,Subaru,Ute-1,2025,UTE,UTE,133000,2025,HIGH,MEDIUM,MEDIUM,4,0.574,MEDIUM,ELEVATED,2026-08-01T00:00:00Z
VEH-00495,Honda,Wagon-2,2021,WAGON,WAGON,110000,2021,HIGH,LARGE,HIGH,5,0.777,HIGH,SPECIALIST,2026-08-01T00:00:00Z
VEH-00496,Tesla,Sedan-3,2012,SEDAN,SEDAN,30000,2012,MEDIUM,ELECTRIC,LOW,5,0.739,LOW,STANDARD,2026-08-01T00:00:00Z
VEH-00497,Toyota,Hatch-4,2010,HATCH,HATCH,13000,2010,LOW,SMALL,MEDIUM,4,0.062,MEDIUM,ELEVATED,2026-08-01T00:00:00Z
VEH-00498,Mazda,SUV-5,2025,SUV,SUV,60000,2025,MEDIUM,MEDIUM,HIGH,2,0.479,HIGH,SPECIALIST,2026-08-01T00:00:00Z
VEH-00499,Ford,Ute-6,2022,UTE,UTE,8000,2022,LOW,LARGE,LOW,2,0.237,LOW,STANDARD,2026-08-01T00:00:00Z
VEH-00500,Hyundai,Wagon-7,2014,WAGON,WAGON,120000,2014,HIGH,ELECTRIC,MEDIUM,2,0.496,MEDIUM,ELEVATED,2026-08-01T00:00:00Z
